{"stats":{"minecraft:dropped":{"tombstone:grave_key":2},"minecraft:killed":{"minecraft:zombie":1},"minecraft:killed_by":{"man:managgresive":1,"minecraft:zombie":1},"minecraft:mined":{"primalwinter:snowy_oak_leaves":3,"minecraft:powder_snow":7,"primalwinter:snowy_dirt":1},"minecraft:picked_up":{"minecraft:stick":1,"tombstone:grave_key":2,"minecraft:snowball":25,"minecraft:dirt":10},"minecraft:used":{"minecraft:knowledge_book":5,"minecraft:snowball":26},"minecraft:custom":{"minecraft:time_since_rest":1,"minecraft:damage_absorbed":120,"minecraft:crouch_one_cm":2029,"minecraft:damage_taken":662,"minecraft:play_time":12006,"minecraft:sprint_one_cm":29859,"minecraft:walk_one_cm":32015,"tombstone:undead_killed":1,"minecraft:deaths":3,"minecraft:sneak_time":735,"minecraft:mob_kills":1,"minecraft:drop":2,"minecraft:jump":98,"minecraft:damage_dealt":181,"minecraft:walk_on_water_one_cm":294,"minecraft:time_since_death":2042,"minecraft:total_world_time":12006,"minecraft:fly_one_cm":25394,"minecraft:fall_one_cm":1523}},"DataVersion":3465}