{"stats":{"minecraft:dropped":{"tombstone:grave_key":2},"minecraft:killed":{"minecraft:zombie":1},"minecraft:killed_by":{"man:managgresive":1,"minecraft:spider":1,"minecraft:zombie":1},"minecraft:mined":{"primalwinter:snowy_oak_leaves":3,"minecraft:dirt":10,"minecraft:powder_snow":7,"primalwinter:snowy_dirt":5},"minecraft:picked_up":{"minecraft:stick":1,"tombstone:grave_key":2,"minecraft:snowball":25,"minecraft:dirt":23},"minecraft:used":{"minecraft:knowledge_book":5,"minecraft:dirt":19,"minecraft:snowball":26},"minecraft:custom":{"minecraft:time_since_rest":1,"minecraft:damage_taken":1125,"minecraft:crouch_one_cm":2722,"minecraft:damage_absorbed":184,"minecraft:play_time":20453,"minecraft:sprint_one_cm":40586,"minecraft:deaths":5,"tombstone:undead_killed":1,"minecraft:walk_one_cm":38972,"minecraft:sneak_time":1105,"minecraft:mob_kills":1,"minecraft:drop":2,"minecraft:jump":189,"minecraft:damage_dealt":265,"minecraft:leave_game":2,"minecraft:time_since_death":668,"minecraft:walk_on_water_one_cm":294,"minecraft:total_world_time":20453,"minecraft:fall_one_cm":2385,"minecraft:fly_one_cm":45287}},"DataVersion":3465}