{"stats":{"minecraft:picked_up":{"hexerei:animal_fat":1,"expanded_combat:frost_claymore":1,"butchercraft:leather_scrap":2,"minecraft:feather":1,"minecraft:bone":2,"minecraft:brown_wool":1,"mysticalagriculture:inferium_essence":1,"realmrpg_creep:creeping_sprout":1,"butchercraft:lamb_scraps":4,"aoa3:raw_charger_shank":2,"minecraft:carved_pumpkin":1,"undergarden:forgotten_sword":1,"butchercraft:beef_scraps":4,"minecraft:white_wool":1},"minecraft:mined":{"minecraft:grass":1},"minecraft:used":{"aoa3:rosidian_sword":3,"sworddisplay:sword_display":2,"undergarden:forgotten_sword":2,"expanded_combat:frost_claymore":1},"minecraft:killed":{"minecraft:sheep":2,"minecraft:cow":2},"minecraft:killed_by":{"jujutsucraft:takaba_fumihiko":1},"minecraft:custom":{"minecraft:time_since_rest":211,"minecraft:crouch_one_cm":46,"minecraft:play_time":28341,"minecraft:sprint_one_cm":28767,"minecraft:damage_taken":418,"minecraft:walk_one_cm":22167,"minecraft:sneak_time":8,"minecraft:mob_kills":4,"minecraft:jump":262,"minecraft:damage_dealt_resisted":19,"minecraft:damage_dealt":469,"minecraft:leave_game":5,"minecraft:time_since_death":0,"minecraft:total_world_time":28341,"minecraft:fall_one_cm":1045,"minecraft:fly_one_cm":202602,"minecraft:deaths":1}},"DataVersion":3465}