{"stat.chestOpened":1,"stat.pickup.minecraft.bone":2,"stat.leaveGame":1,"stat.pickup.minecraft.arrow":1,"stat.mineBlock.minecraft.slime":2,"stat.mineBlock.minecraft.anvil":2,"stat.useItem.minecraft.chicken":3,"stat.useItem.minecraft.apple":1,"stat.mineBlock.mysticalagriculture.inferium_ore":3,"stat.jump":642,"stat.swimOneCm":12380,"stat.pickup.minecraft.coal":43,"stat.fallOneCm":17096,"stat.climbOneCm":41,"stat.useItem.minecraft.planks":6,"stat.mineBlock.natura.overworld_planks":1,"stat.drop.minecraft.dye":3,"stat.useItem.minecraft.stone_axe":37,"stat.pickup.chisel.carpet_black":1,"stat.pickup.xreliquary.mob_ingredient":1,"stat.crouchOneCm":11843,"stat.craftItem.minecraft.torch":20,"stat.pickup.minecraft.dirt":5,"stat.useItem.minecraft.dirt":1,"stat.useItem.minecraft.stone_slab2":13,"stat.pickup.minecraft.bow":1,"stat.mineBlock.thaumcraft.log_greatwood":4,"stat.craftingTableInteraction":3,"stat.pickup.minecraft.iron_ore":5,"stat.craftItem.minecraft.furnace":1,"stat.killEntity.aoa3.bugeye":1,"stat.pickup.thermalfoundation.ore":10,"stat.pickup.minecraft.repeater":1,"stat.craftItem.minecraft.stone_axe":1,"stat.pickup.minecraft.anvil":2,"stat.pickup.minecraft.feather":3,"stat.damageTaken":310,"stat.pickup.minecraft.leather":3,"stat.craftItem.minecraft.stone_pickaxe":1,"stat.useItem.minecraft.wooden_pickaxe":14,"stat.craftItem.minecraft.cooked_beef":5,"stat.pickup.minecraft.slime":2,"stat.pickup.minecraft.cobblestone":37,"stat.craftItem.minecraft.wooden_sword":1,"stat.pickup.mysticalagriculture.crafting":9,"stat.pickup.minecraft.dye":26,"stat.entityKilledBy.aoa3.headless_hunter":1,"stat.pickup.minecraft.reeds":6,"stat.mineBlock.chisel.limestone2":6,"stat.pickup.chisel.limestone2":6,"stat.pickup.minecraft.bed":2,"stat.flyOneCm":121083,"tombstone:undead_killed":1,"stat.mineBlock.chisel.carpet_black":1,"stat.useItem.minecraft.stone_pickaxe":107,"stat.useItem.minecraft.cooked_beef":2,"stat.damageDealt":479,"stat.mineBlock.minecraft.iron_ore":5,"stat.sleepInBed":1,"stat.timeSinceDeath":13554,"stat.mineBlock.minecraft.dirt":5,"stat.craftItem.minecraft.wooden_pickaxe":1,"stat.pickup.minecraft.piston":2,"stat.mineBlock.aoa3.limonite_ore":4,"stat.pickup.aoa3.limonite_ore":4,"stat.walkOneCm":104867,"stat.useItem.minecraft.torch":9,"stat.trappedChestTriggered":2,"stat.mineBlock.chisel.marble2":8,"stat.pickup.minecraft.crafting_table":2,"stat.mineBlock.thermalfoundation.ore":10,"stat.useItem.minecraft.cobblestone":6,"stat.craftItem.minecraft.crafting_table":1,"stat.furnaceInteraction":6,"stat.mineBlock.minecraft.coal_ore":42,"stat.talkedToVillager":3,"stat.craftItem.thermalfoundation.material":4,"stat.pickup.minecraft.log":8,"stat.drop.minecraft.chicken":1,"stat.pickup.minecraft.beef":5,"stat.craftItem.minecraft.stone_slab2":0,"stat.pickup.minecraft.chicken":4,"stat.pickup.minecraft.sapling":2,"stat.mineBlock.natura.overworld_leaves":2,"stat.sprintOneCm":119509,"stat.pickup.minecraft.apple":1,"stat.craftItem.minecraft.stick":20,"stat.killEntity.Skeleton":1,"stat.craftItem.minecraft.planks":32,"stat.mineBlock.minecraft.crafting_table":2,"stat.pickup.natura.overworld_planks":1,"stat.mineBlock.astralsorcery.blockmarble":1,"stat.useItem.thaumcraft.log_greatwood":3,"stat.mobKills":2,"stat.pickup.minecraft.book":60,"stat.mineBlock.minecraft.log":6,"stat.mineBlock.chisel.bookshelf_acacia":20,"stat.deaths":1,"stat.drop":4,"stat.mineBlock.minecraft.leaves":5,"stat.playOneMinute":34347,"stat.mineBlock.minecraft.piston":2,"stat.useItem.minecraft.wooden_sword":4,"stat.sneakTime":3351,"stat.pickup.astralsorcery.blockmarble":1,"stat.pickup.bewitchment.hellebore_seeds":1,"stat.mineBlock.minecraft.stone":38,"stat.pickup.chisel.marble2":8,"stat.mineBlock.minecraft.tallgrass":4,"stat.diveOneCm":34227,"stat.pickup.thaumcraft.log_greatwood":4}