{"stat.useItem.minecraft.bow":4,"stat.pickup.minecraft.bone":7,"stat.mineBlock.dimdoors.fabric":10,"stat.pickup.minecraft.stone_pressure_plate":1,"stat.pickup.forestry.sapling":1,"stat.leaveGame":1,"stat.mineBlock.minecraft.slime":2,"stat.pickup.minecraft.stone_pickaxe":1,"stat.mineBlock.minecraft.yellow_flower":13,"stat.pickup.divinerpg.terran_shards":6,"stat.pickup.tombstone.familiar_stone":1,"stat.killEntity.abyssalcraft.shadowmonster":4,"stat.swimOneCm":38329,"stat.useItem.minecraft.planks":48,"stat.climbOneCm":41,"stat.entityKilledBy.divinerpg.crab":1,"stat.pickup.chisel.carpet_black":1,"stat.pickup.xreliquary.mob_ingredient":27,"stat.pickup.minecraft.sticky_piston":2,"stat.useItem.minecraft.dirt":1,"stat.useItem.minecraft.stone_slab2":36,"stat.pickup.minecraft.bow":5,"stat.mineBlock.thaumcraft.log_greatwood":4,"stat.useItem.minecraft.water_bucket":55,"stat.pickup.projectred-exploration.backpack":2,"stat.craftItem.minecraft.furnace":1,"stat.killEntity.aoa3.bugeye":1,"stat.pickup.thermalfoundation.ore":10,"stat.drop.extrabees.honey_comb":2,"stat.craftItem.minecraft.stone_axe":1,"stat.pickup.minecraft.anvil":4,"stat.craftItem.minecraft.stone_pickaxe":2,"stat.craftItem.minecraft.cooked_beef":5,"stat.pickup.minecraft.cobblestone":47,"stat.craftItem.minecraft.bow":1,"stat.mineBlock.chisel.limestone2":10,"stat.useItem.extratrees.food":13,"stat.flyOneCm":216191,"stat.pickup.minecraft.clay":11,"stat.mineBlock.chisel.carpet_black":1,"stat.useItem.minecraft.cooked_beef":5,"stat.pickup.minecraft.redstone":146,"stat.mineBlock.minecraft.iron_ore":5,"stat.timeSinceDeath":30743,"stat.pickup.mod_lavacow.intestine":4,"stat.drop.minecraft.diamond":6,"stat.craftItem.minecraft.wooden_pickaxe":1,"stat.pickup.aoa3.limonite_ore":6,"stat.killEntity.mod_lavacow.parasite":2,"stat.trappedChestTriggered":6,"stat.pickup.abyssalcraft.shadowshard":15,"stat.mineBlock.chisel.marble2":11,"stat.pickup.bhc.red_heart":5,"stat.pickup.thermalfoundation.material":6,"stat.mineBlock.thermalfoundation.ore":10,"stat.mineBlock.minecraft.sticky_piston":2,"stat.pickup.minecraft.stonebrick":13,"stat.furnaceInteraction":16,"stat.useItem.minecraft.golden_carrot":21,"stat.craftItem.aoa3.limonite_ingot":2,"stat.mineBlock.minecraft.coal_ore":43,"stat.killEntity.Creeper":1,"stat.talkedToVillager":3,"stat.pickup.minecraft.wooden_sword":1,"stat.pickup.actuallyadditions.item_solidified_experience":2,"stat.craftItem.thermalfoundation.material":10,"stat.pickup.minecraft.string":5,"stat.useItem.aoa3.limonite_sword":170,"stat.pickup.minecraft.prismarine":41,"stat.pickup.minecraft.beef":5,"stat.pickup.tombstone.crafting_ingredient":2,"stat.entityKilledBy.Skeleton":2,"stat.craftItem.minecraft.stone_slab2":0,"stat.mineBlock.natura.overworld_leaves":2,"stat.sprintOneCm":228845,"stat.pickup.actuallyadditions.item_misc":3,"stat.mineBlock.minecraft.stone_slab":2,"stat.pickup.minecraft.skull":2,"stat.craftItem.minecraft.stick":36,"stat.pickup.tombstone.magic_scroll":2,"stat.mineBlock.minecraft.sea_lantern":1,"stat.mineBlock.minecraft.crafting_table":2,"stat.mineBlock.astralsorcery.blockmarble":1,"stat.pickup.minecraft.golden_carrot":12,"stat.mineBlock.chisel.bookshelf_acacia":20,"stat.mineBlock.minecraft.planks":4,"stat.deaths":7,"stat.drop":15,"stat.playOneMinute":82047,"stat.useItem.minecraft.wooden_sword":19,"stat.mineBlock.minecraft.stone_pressure_plate":1,"stat.pickup.immersiveengineering.faraday_suit_chest":1,"stat.mineBlock.actuallyadditions.block_wild":1,"stat.pickup.minecraft.iron_block":8,"stat.killEntity.Zombie":2,"stat.pickup.minecraft.iron_bars":6,"stat.pickup.minecraft.dispenser":1,"stat.pickup.chisel.marble2":11,"stat.mineBlock.minecraft.tallgrass":18,"stat.diveOneCm":184035,"stat.chestOpened":30,"stat.pickup.minecraft.pumpkin":1,"stat.useItem.minecraft.stone":1,"stat.mineBlock.minecraft.dispenser":1,"stat.pickup.minecraft.arrow":22,"stat.useItem.minecraft.chicken":3,"stat.mineBlock.minecraft.anvil":2,"stat.pickup.minecraft.stone_axe":1,"stat.useItem.minecraft.apple":1,"stat.mineBlock.mysticalagriculture.inferium_ore":3,"stat.jump":1235,"stat.pickup.minecraft.coal":44,"stat.pickup.minecraft.cooked_chicken":1,"stat.fallOneCm":98248,"stat.pickup.minecraft.iron_ingot":4,"stat.drop.minecraft.stone":4,"stat.mineBlock.natura.overworld_planks":1,"stat.drop.minecraft.dye":3,"stat.useItem.minecraft.stone_axe":46,"stat.drop.minecraft.wooden_sword":1,"stat.entityKilledBy.CaveSpider":2,"stat.crouchOneCm":16099,"stat.craftItem.minecraft.torch":92,"stat.craftItem.minecraft.iron_ingot":5,"stat.craftItem.minecraft.chest":2,"stat.pickup.minecraft.dirt":9,"stat.useItem.minecraft.cooked_chicken":1,"stat.killEntity.divinerpg.pumpkin_spider":1,"stat.craftingTableInteraction":10,"stat.pickup.minecraft.iron_ore":5,"stat.mineBlock.minecraft.iron_bars":6,"stat.pickup.minecraft.comparator":32,"stat.pickup.minecraft.repeater":43,"stat.pickup.minecraft.feather":5,"stat.damageTaken":8206,"stat.pickup.minecraft.leather":6,"stat.mineBlock.minecraft.torch":1,"stat.mineBlock.minecraft.red_flower":1,"stat.useItem.minecraft.wooden_pickaxe":14,"stat.pickup.minecraft.slime":4,"stat.craftItem.minecraft.wooden_sword":1,"stat.pickup.mysticalagriculture.crafting":14,"stat.pickup.minecraft.dye":72,"stat.entityKilledBy.aoa3.headless_hunter":1,"stat.pickup.minecraft.planks":4,"stat.pickup.aoa3.limonite_sword":1,"stat.pickup.minecraft.prismarine_crystals":2,"stat.pickup.minecraft.reeds":6,"stat.pickup.chisel.limestone2":10,"stat.killEntity.CaveSpider":2,"stat.pickup.minecraft.bed":4,"tombstone:undead_killed":10,"stat.useItem.minecraft.stone_pickaxe":280,"stat.damageDealt":9501,"stat.useItem.minecraft.wool":4,"stat.sleepInBed":4,"stat.useItem.dimdoors.fabric":9,"stat.pickup.contenttweaker.recursive_paper_illager":5,"stat.mineBlock.minecraft.dirt":9,"stat.pickup.bewitchment.oak_apple_gall":2,"stat.pickup.minecraft.piston":2,"stat.mineBlock.aoa3.limonite_ore":4,"stat.walkOneCm":236407,"stat.useItem.minecraft.torch":17,"stat.useItem.minecraft.bread":2,"stat.useItem.minecraft.chest":1,"stat.pickup.minecraft.crafting_table":2,"stat.useItem.minecraft.cobblestone":27,"stat.useItem.minecraft.tnt":9,"stat.craftItem.minecraft.crafting_table":2,"stat.pickup.extratrees.food":84,"stat.mineBlock.extratrees.leaves.default.fruit.11":13,"stat.pickup.bewitchment.boline":1,"stat.entityKilledBy.thebetweenlands.dark_druid":1,"stat.pickup.minecraft.log":20,"stat.craftItem.iceandfire.armor_copper_metal_chestplate":1,"stat.drop.minecraft.chicken":1,"stat.craftItem.aoa3.limonite_sword":1,"stat.pickup.minecraft.tnt":36,"stat.useItem.minecraft.yellow_flower":10,"stat.pickup.minecraft.stone":12,"stat.pickup.minecraft.chicken":5,"stat.pickup.minecraft.sapling":4,"stat.pickup.minecraft.apple":1,"stat.pickup.minecraft.cooked_beef":1,"stat.mineBlock.minecraft.iron_block":8,"stat.useItem.minecraft.prismarine":22,"stat.killEntity.Skeleton":8,"stat.mineBlock.minecraft.tnt":36,"stat.craftItem.minecraft.bucket":1,"stat.mineBlock.minecraft.stonebrick":13,"stat.craftItem.minecraft.planks":80,"stat.mineBlock.minecraft.prismarine":50,"stat.pickup.natura.overworld_planks":1,"stat.useItem.thaumcraft.log_greatwood":3,"stat.mobKills":24,"stat.pickup.minecraft.book":180,"stat.useItem.minecraft.stonebrick":1,"stat.mineBlock.minecraft.log":18,"stat.craftItem.minecraft.cooked_chicken":1,"stat.pickup.minecraft.water_bucket":1,"stat.drop.minecraft.prismarine":4,"stat.pickup.minecraft.diamond":17,"stat.mineBlock.minecraft.leaves":7,"stat.mineBlock.minecraft.piston":2,"stat.pickup.minecraft.torch":92,"stat.pickup.minecraft.red_flower":1,"stat.sneakTime":5656,"stat.pickup.astralsorcery.blockmarble":1,"stat.pickup.minecraft.stone_slab":2,"stat.pickup.minecraft.yellow_flower":12,"stat.pickup.bewitchment.hellebore_seeds":1,"stat.mineBlock.minecraft.stone":55,"stat.pickup.thaumcraft.log_greatwood":4}