{"stats":{"minecraft:mined":{"minecraft:grass_block":2,"minecraft:stone":2},"minecraft:picked_up":{"minecraft:dirt":18,"minecraft:bone":1,"butchersdelight:deadsheep":1,"minecraft:iron_ingot":1,"minecraft:golden_apple":128,"minecraft:snowball":103,"minecraft:white_wool":1,"minecraft:cobblestone":2},"minecraft:custom":{"minecraft:time_since_rest":6716,"minecraft:interact_with_smithing_table":3,"minecraft:sprint_one_cm":123965,"minecraft:damage_taken":205,"minecraft:walk_one_cm":148962,"minecraft:mob_kills":1,"minecraft:damage_dealt":256,"minecraft:interact_with_crafting_table":5,"minecraft:fly_one_cm":207532,"minecraft:open_chest":2,"minecraft:crouch_one_cm":4200,"minecraft:play_time":104536,"minecraft:deaths":2,"minecraft:sneak_time":1636,"minecraft:jump":673,"minecraft:leave_game":9,"minecraft:time_since_death":6898,"minecraft:total_world_time":104536,"minecraft:fall_one_cm":538},"minecraft:crafted":{"minecraft:iron_nugget":9,"minecraft:chain":1,"minecraft:diamond_chestplate":1},"minecraft:killed":{"minecraft:sheep":1},"minecraft:used":{"minecraft:knowledge_book":6,"minecraft:peony":1,"minecraft:dark_oak_stairs":76,"snowmancy:frozen_snowman":1,"cold_sweat:sewing_table":1,"minecraft:lantern":3,"primitivestart:bone_pickaxe":2,"minecraft:birch_hanging_sign":10,"minecraft:wooden_pickaxe":1,"minecraft:dark_oak_slab":56,"minecraft:stone":8,"ironchest:trapped_dirt_chest":1,"minecraft:dirt":1,"simpleshops:simple_shop":1,"minecraft:crafting_table":2,"minecraft:dark_oak_fence":40,"minecraft:smithing_table":3,"minecraft:ice":3,"ironchest:iron_chest":2,"minecraft:campfire":8,"minecraft:oak_wood":42,"minecraft:snowball":9,"minecraft:spruce_log":1}},"DataVersion":3465}