{"stat.walkOneCm":28882,"stat.craftItem.minecraft.planks":32,"stat.leaveGame":1,"stat.craftItem.minecraft.stone_axe":1,"stat.pickup.minecraft.crafting_table":2,"stat.pickup.minecraft.feather":3,"stat.mineBlock.minecraft.crafting_table":2,"stat.craftItem.minecraft.crafting_table":1,"stat.craftItem.minecraft.stone_pickaxe":1,"stat.useItem.minecraft.wooden_pickaxe":14,"stat.useItem.minecraft.apple":1,"stat.pickup.minecraft.cobblestone":13,"stat.craftItem.minecraft.wooden_sword":1,"stat.mineBlock.minecraft.log":6,"stat.pickup.mysticalagriculture.crafting":1,"stat.pickup.minecraft.log":8,"stat.flyOneCm":16852,"stat.drop":1,"stat.jump":148,"stat.mineBlock.minecraft.leaves":4,"stat.drop.minecraft.chicken":1,"stat.playOneMinute":10047,"stat.fallOneCm":3350,"stat.sneakTime":840,"stat.useItem.minecraft.stone_axe":1,"stat.crouchOneCm":2616,"stat.pickup.minecraft.chicken":4,"stat.timeSinceDeath":10047,"stat.pickup.minecraft.sapling":1,"stat.pickup.minecraft.dirt":5,"stat.useItem.minecraft.dirt":1,"stat.mineBlock.minecraft.dirt":5,"stat.sprintOneCm":27454,"stat.useItem.minecraft.stone_slab2":5,"stat.pickup.bewitchment.hellebore_seeds":1,"stat.craftItem.minecraft.wooden_pickaxe":1,"stat.mineBlock.minecraft.stone":13,"stat.mineBlock.minecraft.tallgrass":4,"stat.pickup.minecraft.apple":1,"stat.craftItem.minecraft.stick":8,"stat.craftingTableInteraction":2}