{"stats":{"minecraft:picked_up":{"minecraft:iron_ingot":1,"minecraft:snowball":103,"minecraft:dirt":17,"minecraft:cobblestone":2},"minecraft:used":{"minecraft:knowledge_book":6,"minecraft:peony":1,"snowmancy:frozen_snowman":1,"minecraft:dirt":1,"minecraft:crafting_table":2,"primitivestart:bone_pickaxe":2,"cold_sweat:sewing_table":1,"minecraft:wooden_pickaxe":1,"minecraft:stone":8,"minecraft:snowball":9,"minecraft:spruce_log":1},"minecraft:mined":{"minecraft:grass_block":1,"minecraft:stone":2},"minecraft:crafted":{"minecraft:iron_nugget":9,"minecraft:chain":1},"minecraft:custom":{"minecraft:time_since_rest":37638,"minecraft:crouch_one_cm":78,"minecraft:sprint_one_cm":33920,"minecraft:play_time":41324,"minecraft:deaths":1,"minecraft:damage_taken":25,"minecraft:walk_one_cm":40418,"minecraft:sneak_time":55,"minecraft:jump":260,"minecraft:damage_dealt":60,"minecraft:leave_game":5,"minecraft:time_since_death":37616,"minecraft:total_world_time":41324,"minecraft:interact_with_crafting_table":5,"minecraft:fall_one_cm":538,"minecraft:fly_one_cm":41970}},"DataVersion":3465}