{"stat.chestOpened":1,"stat.pickup.minecraft.piston":2,"stat.walkOneCm":63517,"stat.pickup.minecraft.bone":2,"stat.trappedChestTriggered":2,"stat.leaveGame":1,"stat.pickup.minecraft.arrow":1,"stat.pickup.minecraft.crafting_table":2,"stat.mineBlock.minecraft.slime":2,"stat.mineBlock.minecraft.anvil":2,"stat.useItem.minecraft.cobblestone":6,"stat.useItem.minecraft.chicken":3,"stat.craftItem.minecraft.crafting_table":1,"stat.useItem.minecraft.apple":1,"stat.talkedToVillager":3,"stat.pickup.minecraft.log":8,"stat.jump":469,"stat.swimOneCm":4149,"stat.drop.minecraft.chicken":1,"stat.fallOneCm":13903,"stat.climbOneCm":41,"stat.useItem.minecraft.planks":6,"stat.mineBlock.natura.overworld_planks":1,"stat.drop.minecraft.dye":3,"stat.useItem.minecraft.stone_axe":33,"stat.pickup.chisel.carpet_black":1,"stat.pickup.xreliquary.mob_ingredient":1,"stat.crouchOneCm":3772,"stat.pickup.minecraft.chicken":4,"stat.pickup.minecraft.sapling":1,"stat.pickup.minecraft.dirt":5,"stat.useItem.minecraft.dirt":1,"stat.sprintOneCm":85566,"stat.useItem.minecraft.stone_slab2":10,"stat.pickup.minecraft.bow":1,"stat.pickup.minecraft.apple":1,"stat.craftItem.minecraft.stick":8,"stat.craftingTableInteraction":2,"stat.killEntity.Skeleton":1,"stat.craftItem.minecraft.planks":32,"stat.pickup.minecraft.repeater":1,"stat.craftItem.minecraft.stone_axe":1,"stat.pickup.minecraft.anvil":2,"stat.pickup.minecraft.feather":3,"stat.mineBlock.minecraft.crafting_table":2,"stat.damageTaken":226,"stat.pickup.natura.overworld_planks":1,"stat.craftItem.minecraft.stone_pickaxe":1,"stat.useItem.minecraft.wooden_pickaxe":14,"stat.pickup.minecraft.slime":2,"stat.pickup.minecraft.cobblestone":13,"stat.mobKills":1,"stat.craftItem.minecraft.wooden_sword":1,"stat.pickup.minecraft.book":60,"stat.mineBlock.minecraft.log":6,"stat.pickup.mysticalagriculture.crafting":1,"stat.pickup.minecraft.dye":17,"stat.entityKilledBy.aoa3.headless_hunter":1,"stat.pickup.minecraft.reeds":6,"stat.flyOneCm":88231,"stat.pickup.minecraft.bed":2,"stat.mineBlock.chisel.bookshelf_acacia":20,"stat.deaths":1,"tombstone:undead_killed":1,"stat.drop":4,"stat.mineBlock.minecraft.leaves":4,"stat.playOneMinute":22647,"stat.mineBlock.minecraft.piston":2,"stat.mineBlock.chisel.carpet_black":1,"stat.useItem.minecraft.stone_pickaxe":3,"stat.sneakTime":1136,"stat.damageDealt":329,"stat.sleepInBed":1,"stat.timeSinceDeath":1854,"stat.mineBlock.minecraft.dirt":5,"stat.pickup.bewitchment.hellebore_seeds":1,"stat.craftItem.minecraft.wooden_pickaxe":1,"stat.mineBlock.minecraft.stone":13,"stat.mineBlock.minecraft.tallgrass":4,"stat.diveOneCm":22205}