{"stats":{"minecraft:crafted":{"minecraft:iron_nugget":9,"minecraft:chain":1,"minecraft:diamond_chestplate":1},"minecraft:killed":{"minecraft:sheep":1,"minecraft:skeleton":1,"minecraft:zombie":5,"enemyexpansion:huntsman":1,"minecraft:stray":1,"enemyexpansion:equestrian":1,"minecraft:spider":4,"enemyexpansion:sprinter":1,"enemyexpansion:direwolf":3,"enemyexpansion:wasp":1},"minecraft:mined":{"primalwinter:snowy_sand":1,"minecraft:powder_snow":7,"minecraft:grass_block":2,"minecraft:packed_ice":1,"minecraft:stone":2},"minecraft:picked_up":{"enemyexpansion:wasp_thorax":1,"minecraft:sand":1,"minecraft:cookie":5,"tombstone:grave_dust":2,"minecraft:dirt":29,"minecraft:spider_eye":2,"minecraft:string":1,"minecraft:bone":3,"minecraft:arrow":3,"butchersdelight:deadsheep":1,"minecraft:rotten_flesh":2,"minecraft:iron_ingot":1,"minecraft:golden_apple":128,"minecraft:chainmail_helmet":1,"tombstone:magic_scroll":1,"minecraft:snowball":119,"minecraft:white_wool":1,"minecraft:cobblestone":2},"minecraft:used":{"minecraft:creeper_spawn_egg":2,"minecraft:knowledge_book":6,"minecraft:dark_oak_stairs":76,"snowmancy:frozen_snowman":1,"minecraft:cow_spawn_egg":1,"minecraft:lantern":3,"primitivestart:bone_pickaxe":2,"cold_sweat:sewing_table":1,"minecraft:birch_hanging_sign":10,"minecraft:wooden_pickaxe":1,"minecraft:stone":8,"minecraft:dark_oak_slab":99,"ironchest:trapped_dirt_chest":1,"minecraft:diamond_sword":96,"minecraft:dirt":9,"minecraft:snow":1,"simpleshops:simple_shop":1,"minecraft:crafting_table":2,"minecraft:smithing_table":3,"minecraft:dark_oak_fence":40,"tombstone:gift":1,"ironchest:iron_chest":2,"minecraft:campfire":8,"minecraft:ice":11,"minecraft:oak_wood":42,"minecraft:snowball":9,"minecraft:spruce_log":1,"minecraft:enchanted_golden_apple":12,"minecraft:peony":1},"minecraft:custom":{"minecraft:time_since_rest":5285,"minecraft:interact_with_smithing_table":3,"minecraft:sprint_one_cm":245337,"minecraft:damage_absorbed":1145,"minecraft:damage_taken":943,"minecraft:walk_one_cm":223387,"minecraft:mob_kills":19,"minecraft:damage_dealt":5552,"minecraft:interact_with_crafting_table":5,"minecraft:talked_to_villager":1,"minecraft:tune_noteblock":12,"minecraft:fly_one_cm":392108,"minecraft:open_chest":9,"minecraft:play_time":229209,"minecraft:crouch_one_cm":8626,"tombstone:undead_killed":10,"minecraft:deaths":4,"minecraft:sneak_time":2429,"minecraft:jump":1173,"minecraft:interact_with_brewingstand":2,"minecraft:leave_game":12,"minecraft:time_since_death":5782,"minecraft:walk_on_water_one_cm":208,"minecraft:total_world_time":229209,"minecraft:damage_resisted":124,"minecraft:fall_one_cm":1883}},"DataVersion":3465}