{"stats":{"minecraft:mined":{"primalwinter:snowy_sand":1,"minecraft:powder_snow":6,"minecraft:grass_block":2,"minecraft:packed_ice":1,"minecraft:stone":2},"minecraft:picked_up":{"enemyexpansion:wasp_thorax":1,"minecraft:sand":1,"tombstone:grave_dust":2,"minecraft:spider_eye":2,"minecraft:string":1,"minecraft:dirt":29,"minecraft:arrow":3,"minecraft:bone":3,"butchersdelight:deadsheep":1,"minecraft:rotten_flesh":2,"minecraft:iron_ingot":1,"minecraft:golden_apple":128,"minecraft:chainmail_helmet":1,"tombstone:magic_scroll":1,"minecraft:snowball":119,"minecraft:white_wool":1,"minecraft:cobblestone":2},"minecraft:custom":{"minecraft:time_since_rest":81731,"minecraft:interact_with_smithing_table":3,"minecraft:sprint_one_cm":188239,"minecraft:damage_absorbed":951,"minecraft:damage_taken":913,"minecraft:walk_one_cm":187301,"minecraft:mob_kills":16,"minecraft:damage_dealt":3875,"minecraft:interact_with_crafting_table":5,"minecraft:fly_one_cm":255229,"minecraft:open_chest":2,"minecraft:crouch_one_cm":4484,"minecraft:play_time":188950,"tombstone:undead_killed":8,"minecraft:deaths":3,"minecraft:sneak_time":1692,"minecraft:jump":864,"minecraft:walk_on_water_one_cm":208,"minecraft:leave_game":10,"minecraft:time_since_death":82031,"minecraft:total_world_time":188950,"minecraft:damage_resisted":105,"minecraft:fall_one_cm":1883},"minecraft:crafted":{"minecraft:iron_nugget":9,"minecraft:chain":1,"minecraft:diamond_chestplate":1},"minecraft:killed":{"minecraft:sheep":1,"minecraft:zombie":5,"enemyexpansion:huntsman":1,"minecraft:stray":1,"minecraft:spider":3,"enemyexpansion:sprinter":1,"enemyexpansion:direwolf":3,"enemyexpansion:wasp":1},"minecraft:used":{"minecraft:knowledge_book":6,"minecraft:peony":1,"minecraft:dark_oak_stairs":76,"snowmancy:frozen_snowman":1,"cold_sweat:sewing_table":1,"minecraft:lantern":3,"primitivestart:bone_pickaxe":2,"minecraft:birch_hanging_sign":10,"minecraft:wooden_pickaxe":1,"minecraft:dark_oak_slab":56,"minecraft:stone":8,"ironchest:trapped_dirt_chest":1,"minecraft:diamond_sword":70,"minecraft:dirt":1,"simpleshops:simple_shop":1,"minecraft:crafting_table":2,"minecraft:dark_oak_fence":40,"minecraft:smithing_table":3,"minecraft:ice":11,"ironchest:iron_chest":2,"minecraft:campfire":8,"minecraft:oak_wood":42,"minecraft:enchanted_golden_apple":9,"minecraft:snowball":9,"minecraft:spruce_log":1}},"DataVersion":3465}