{"stat.chestOpened":13,"stat.useItem.minecraft.bow":4,"stat.pickup.minecraft.pumpkin":1,"stat.pickup.minecraft.bone":7,"stat.useItem.minecraft.stone":1,"stat.pickup.forestry.sapling":1,"stat.leaveGame":1,"stat.pickup.minecraft.arrow":13,"stat.mineBlock.minecraft.slime":2,"stat.mineBlock.minecraft.anvil":2,"stat.useItem.minecraft.chicken":3,"stat.pickup.minecraft.stone_axe":1,"stat.useItem.minecraft.apple":1,"stat.pickup.divinerpg.terran_shards":4,"stat.mineBlock.mysticalagriculture.inferium_ore":3,"stat.pickup.tombstone.familiar_stone":1,"stat.killEntity.abyssalcraft.shadowmonster":4,"stat.jump":948,"stat.swimOneCm":22784,"stat.pickup.minecraft.coal":44,"stat.pickup.minecraft.cooked_chicken":1,"stat.fallOneCm":23371,"stat.climbOneCm":41,"stat.useItem.minecraft.planks":48,"stat.pickup.minecraft.iron_ingot":2,"stat.drop.minecraft.stone":4,"stat.entityKilledBy.divinerpg.crab":1,"stat.mineBlock.natura.overworld_planks":1,"stat.drop.minecraft.dye":3,"stat.useItem.minecraft.stone_axe":46,"stat.drop.minecraft.wooden_sword":1,"stat.entityKilledBy.CaveSpider":2,"stat.pickup.chisel.carpet_black":1,"stat.pickup.xreliquary.mob_ingredient":6,"stat.crouchOneCm":15059,"stat.craftItem.minecraft.torch":92,"stat.craftItem.minecraft.iron_ingot":5,"stat.pickup.minecraft.dirt":5,"stat.useItem.minecraft.dirt":1,"stat.useItem.minecraft.stone_slab2":26,"stat.pickup.minecraft.bow":4,"stat.mineBlock.thaumcraft.log_greatwood":4,"stat.killEntity.divinerpg.pumpkin_spider":1,"stat.useItem.minecraft.cooked_chicken":1,"stat.useItem.minecraft.water_bucket":24,"stat.craftingTableInteraction":9,"stat.pickup.minecraft.iron_ore":5,"stat.pickup.projectred-exploration.backpack":1,"stat.craftItem.minecraft.furnace":1,"stat.killEntity.aoa3.bugeye":1,"stat.pickup.thermalfoundation.ore":10,"stat.pickup.minecraft.repeater":1,"stat.craftItem.minecraft.stone_axe":1,"stat.pickup.minecraft.anvil":2,"stat.pickup.minecraft.feather":5,"stat.damageTaken":3373,"stat.pickup.minecraft.leather":3,"stat.craftItem.minecraft.stone_pickaxe":2,"stat.mineBlock.minecraft.torch":1,"stat.useItem.minecraft.wooden_pickaxe":14,"stat.craftItem.minecraft.cooked_beef":5,"stat.pickup.minecraft.slime":4,"stat.pickup.minecraft.cobblestone":47,"stat.craftItem.minecraft.wooden_sword":1,"stat.craftItem.minecraft.bow":1,"stat.pickup.mysticalagriculture.crafting":14,"stat.pickup.minecraft.dye":49,"stat.entityKilledBy.aoa3.headless_hunter":1,"stat.pickup.minecraft.planks":4,"stat.pickup.minecraft.reeds":6,"stat.mineBlock.chisel.limestone2":10,"stat.pickup.minecraft.prismarine_crystals":2,"stat.pickup.chisel.limestone2":10,"stat.killEntity.CaveSpider":1,"stat.pickup.minecraft.bed":3,"stat.flyOneCm":169335,"tombstone:undead_killed":10,"stat.mineBlock.chisel.carpet_black":1,"stat.useItem.minecraft.stone_pickaxe":170,"stat.useItem.minecraft.cooked_beef":5,"stat.damageDealt":5547,"stat.pickup.minecraft.redstone":64,"stat.mineBlock.minecraft.iron_ore":5,"stat.useItem.minecraft.wool":4,"stat.sleepInBed":3,"stat.timeSinceDeath":7343,"stat.mineBlock.minecraft.dirt":5,"stat.pickup.mod_lavacow.intestine":4,"stat.craftItem.minecraft.wooden_pickaxe":1,"stat.pickup.bewitchment.oak_apple_gall":2,"stat.pickup.minecraft.piston":2,"stat.mineBlock.aoa3.limonite_ore":4,"stat.pickup.aoa3.limonite_ore":4,"stat.walkOneCm":140187,"stat.killEntity.mod_lavacow.parasite":2,"stat.useItem.minecraft.torch":17,"stat.useItem.minecraft.bread":2,"stat.trappedChestTriggered":2,"stat.pickup.abyssalcraft.shadowshard":10,"stat.mineBlock.chisel.marble2":11,"stat.pickup.minecraft.crafting_table":2,"stat.pickup.bhc.red_heart":2,"stat.pickup.thermalfoundation.material":3,"stat.mineBlock.thermalfoundation.ore":10,"stat.useItem.minecraft.cobblestone":27,"stat.craftItem.minecraft.crafting_table":1,"stat.furnaceInteraction":16,"stat.useItem.minecraft.golden_carrot":10,"stat.mineBlock.extratrees.leaves.default.fruit.11":13,"stat.pickup.extratrees.food":56,"stat.craftItem.aoa3.limonite_ingot":2,"stat.mineBlock.minecraft.coal_ore":43,"stat.killEntity.Creeper":1,"stat.talkedToVillager":3,"stat.entityKilledBy.thebetweenlands.dark_druid":1,"stat.pickup.minecraft.wooden_sword":1,"stat.pickup.actuallyadditions.item_solidified_experience":2,"stat.craftItem.thermalfoundation.material":10,"stat.pickup.minecraft.log":14,"stat.pickup.minecraft.string":4,"stat.craftItem.iceandfire.armor_copper_metal_chestplate":1,"stat.drop.minecraft.chicken":1,"stat.craftItem.aoa3.limonite_sword":1,"stat.useItem.aoa3.limonite_sword":95,"stat.pickup.minecraft.prismarine":23,"stat.pickup.minecraft.beef":5,"stat.pickup.tombstone.crafting_ingredient":2,"stat.entityKilledBy.Skeleton":2,"stat.craftItem.minecraft.stone_slab2":0,"stat.pickup.minecraft.stone":12,"stat.pickup.minecraft.chicken":5,"stat.pickup.minecraft.sapling":3,"stat.mineBlock.natura.overworld_leaves":2,"stat.sprintOneCm":162223,"stat.pickup.minecraft.apple":1,"stat.pickup.minecraft.cooked_beef":1,"stat.pickup.minecraft.skull":2,"stat.craftItem.minecraft.stick":36,"stat.pickup.tombstone.magic_scroll":1,"stat.useItem.minecraft.prismarine":11,"stat.killEntity.Skeleton":8,"stat.craftItem.minecraft.bucket":1,"stat.craftItem.minecraft.planks":56,"stat.mineBlock.minecraft.sea_lantern":1,"stat.mineBlock.minecraft.crafting_table":2,"stat.mineBlock.minecraft.prismarine":33,"stat.pickup.natura.overworld_planks":1,"stat.mineBlock.astralsorcery.blockmarble":1,"stat.useItem.thaumcraft.log_greatwood":3,"stat.mobKills":22,"stat.pickup.minecraft.book":120,"stat.mineBlock.minecraft.log":12,"stat.craftItem.minecraft.cooked_chicken":1,"stat.mineBlock.chisel.bookshelf_acacia":20,"stat.deaths":7,"stat.mineBlock.minecraft.planks":4,"stat.drop":6,"stat.mineBlock.minecraft.leaves":6,"stat.playOneMinute":58647,"stat.mineBlock.minecraft.piston":2,"stat.useItem.minecraft.wooden_sword":19,"stat.pickup.minecraft.torch":16,"stat.pickup.immersiveengineering.faraday_suit_chest":1,"stat.sneakTime":5040,"stat.pickup.astralsorcery.blockmarble":1,"stat.killEntity.Zombie":2,"stat.pickup.bewitchment.hellebore_seeds":1,"stat.mineBlock.minecraft.stone":55,"stat.pickup.chisel.marble2":11,"stat.mineBlock.minecraft.tallgrass":4,"stat.diveOneCm":97429,"stat.pickup.thaumcraft.log_greatwood":4}