{"stat.chestOpened":2,"stat.pickup.minecraft.pumpkin":1,"stat.pickup.minecraft.bone":2,"stat.useItem.minecraft.stone":1,"stat.pickup.forestry.sapling":1,"stat.leaveGame":1,"stat.pickup.minecraft.arrow":4,"stat.mineBlock.minecraft.slime":2,"stat.mineBlock.minecraft.anvil":2,"stat.useItem.minecraft.chicken":3,"stat.useItem.minecraft.apple":1,"stat.pickup.divinerpg.terran_shards":2,"stat.mineBlock.mysticalagriculture.inferium_ore":3,"stat.killEntity.abyssalcraft.shadowmonster":4,"stat.jump":810,"stat.swimOneCm":20627,"stat.pickup.minecraft.coal":44,"stat.fallOneCm":18607,"stat.climbOneCm":41,"stat.useItem.minecraft.planks":15,"stat.drop.minecraft.stone":4,"stat.mineBlock.natura.overworld_planks":1,"stat.drop.minecraft.dye":3,"stat.useItem.minecraft.stone_axe":46,"stat.drop.minecraft.wooden_sword":1,"stat.pickup.chisel.carpet_black":1,"stat.pickup.xreliquary.mob_ingredient":1,"stat.crouchOneCm":13101,"stat.craftItem.minecraft.torch":92,"stat.craftItem.minecraft.iron_ingot":5,"stat.pickup.minecraft.dirt":5,"stat.useItem.minecraft.dirt":1,"stat.useItem.minecraft.stone_slab2":16,"stat.pickup.minecraft.bow":1,"stat.mineBlock.thaumcraft.log_greatwood":4,"stat.killEntity.divinerpg.pumpkin_spider":1,"stat.craftingTableInteraction":9,"stat.pickup.minecraft.iron_ore":5,"stat.craftItem.minecraft.furnace":1,"stat.killEntity.aoa3.bugeye":1,"stat.pickup.thermalfoundation.ore":10,"stat.pickup.minecraft.repeater":1,"stat.craftItem.minecraft.stone_axe":1,"stat.pickup.minecraft.anvil":2,"stat.pickup.minecraft.feather":5,"stat.damageTaken":1308,"stat.pickup.minecraft.leather":3,"stat.craftItem.minecraft.stone_pickaxe":2,"stat.mineBlock.minecraft.torch":1,"stat.useItem.minecraft.wooden_pickaxe":14,"stat.craftItem.minecraft.cooked_beef":5,"stat.pickup.minecraft.slime":2,"stat.pickup.minecraft.cobblestone":47,"stat.craftItem.minecraft.wooden_sword":1,"stat.pickup.mysticalagriculture.crafting":12,"stat.pickup.minecraft.dye":26,"stat.entityKilledBy.aoa3.headless_hunter":1,"stat.pickup.minecraft.planks":2,"stat.pickup.minecraft.reeds":6,"stat.mineBlock.chisel.limestone2":10,"stat.pickup.minecraft.prismarine_crystals":1,"stat.pickup.chisel.limestone2":10,"stat.pickup.minecraft.bed":3,"stat.flyOneCm":150282,"tombstone:undead_killed":5,"stat.mineBlock.chisel.carpet_black":1,"stat.useItem.minecraft.stone_pickaxe":135,"stat.useItem.minecraft.cooked_beef":4,"stat.damageDealt":4212,"stat.mineBlock.minecraft.iron_ore":5,"stat.sleepInBed":2,"stat.timeSinceDeath":715,"stat.mineBlock.minecraft.dirt":5,"stat.pickup.mod_lavacow.intestine":2,"stat.craftItem.minecraft.wooden_pickaxe":1,"stat.pickup.bewitchment.oak_apple_gall":2,"stat.pickup.minecraft.piston":2,"stat.mineBlock.aoa3.limonite_ore":4,"stat.pickup.aoa3.limonite_ore":4,"stat.walkOneCm":123508,"stat.killEntity.mod_lavacow.parasite":2,"stat.useItem.minecraft.torch":14,"stat.trappedChestTriggered":2,"stat.pickup.abyssalcraft.shadowshard":5,"stat.mineBlock.chisel.marble2":11,"stat.pickup.minecraft.crafting_table":2,"stat.pickup.bhc.red_heart":1,"stat.mineBlock.thermalfoundation.ore":10,"stat.useItem.minecraft.cobblestone":27,"stat.craftItem.minecraft.crafting_table":1,"stat.furnaceInteraction":16,"stat.useItem.minecraft.golden_carrot":5,"stat.mineBlock.extratrees.leaves.default.fruit.11":13,"stat.pickup.extratrees.food":28,"stat.craftItem.aoa3.limonite_ingot":2,"stat.mineBlock.minecraft.coal_ore":43,"stat.killEntity.Creeper":1,"stat.talkedToVillager":3,"stat.pickup.minecraft.wooden_sword":1,"stat.craftItem.thermalfoundation.material":10,"stat.pickup.minecraft.log":14,"stat.craftItem.iceandfire.armor_copper_metal_chestplate":1,"stat.drop.minecraft.chicken":1,"stat.craftItem.aoa3.limonite_sword":1,"stat.useItem.aoa3.limonite_sword":63,"stat.pickup.minecraft.prismarine":2,"stat.pickup.minecraft.beef":5,"stat.pickup.tombstone.crafting_ingredient":2,"stat.entityKilledBy.Skeleton":1,"stat.craftItem.minecraft.stone_slab2":0,"stat.pickup.minecraft.stone":12,"stat.pickup.minecraft.chicken":5,"stat.pickup.minecraft.sapling":3,"stat.mineBlock.natura.overworld_leaves":2,"stat.sprintOneCm":142907,"stat.pickup.minecraft.apple":1,"stat.pickup.minecraft.skull":1,"stat.craftItem.minecraft.stick":36,"stat.killEntity.Skeleton":3,"stat.craftItem.minecraft.bucket":1,"stat.craftItem.minecraft.planks":56,"stat.mineBlock.minecraft.sea_lantern":1,"stat.mineBlock.minecraft.crafting_table":2,"stat.mineBlock.minecraft.prismarine":2,"stat.pickup.natura.overworld_planks":1,"stat.mineBlock.astralsorcery.blockmarble":1,"stat.useItem.thaumcraft.log_greatwood":3,"stat.mobKills":14,"stat.pickup.minecraft.book":60,"stat.mineBlock.minecraft.log":12,"stat.craftItem.minecraft.cooked_chicken":1,"stat.mineBlock.chisel.bookshelf_acacia":20,"stat.deaths":2,"stat.mineBlock.minecraft.planks":2,"stat.drop":6,"stat.mineBlock.minecraft.leaves":6,"stat.playOneMinute":46947,"stat.mineBlock.minecraft.piston":2,"stat.useItem.minecraft.wooden_sword":19,"stat.pickup.minecraft.torch":1,"stat.pickup.immersiveengineering.faraday_suit_chest":1,"stat.sneakTime":4227,"stat.pickup.astralsorcery.blockmarble":1,"stat.killEntity.Zombie":2,"stat.pickup.bewitchment.hellebore_seeds":1,"stat.mineBlock.minecraft.stone":55,"stat.pickup.chisel.marble2":11,"stat.mineBlock.minecraft.tallgrass":4,"stat.diveOneCm":61052,"stat.pickup.thaumcraft.log_greatwood":4}