{"stats":{"minecraft:mined":{"minecraft:acacia_leaves":1,"minecraft:granite":20,"minecraft:acacia_log":7,"minecraft:copper_ore":32,"minecraft:lapis_ore":6,"minecraft:diorite":32,"minecraft:iron_ore":4,"minecraft:andesite":87,"minecraft:coal_ore":43,"minecraft:deepslate_iron_ore":1,"minecraft:stone":600,"minecraft:deepslate":91},"minecraft:custom":{"minecraft:mob_kills":9,"minecraft:interact_with_crafting_table":9,"minecraft:damage_dealt_resisted":826,"minecraft:leave_game":1,"minecraft:time_since_death":41946,"minecraft:time_since_rest":41946,"minecraft:sprint_one_cm":103461,"minecraft:damage_taken":48,"minecraft:walk_one_cm":102572,"minecraft:drop":5,"minecraft:damage_dealt":1272,"minecraft:fly_one_cm":482558,"minecraft:crouch_one_cm":2128,"minecraft:play_time":41946,"minecraft:sneak_time":709,"minecraft:jump":1007,"minecraft:total_world_time":41946,"minecraft:fall_one_cm":1750},"minecraft:crafted":{"minecraft:crafting_table":3,"minecraft:wooden_pickaxe":1,"minecraft:stick":40,"minecraft:stone_pickaxe":1,"minecraft:wooden_axe":1,"minecraft:stone_sword":1,"minecraft:acacia_planks":28,"minecraft:torch":84,"onlyhammersandexcavators:stone_hammer":4},"minecraft:dropped":{"onlyhammersandexcavators:stone_hammer":3,"jujutsucraft:cursed_technique_changer":1,"butchercraft:sheep_carcass":1},"minecraft:used":{"minecraft:acacia_log":3,"minecraft:stone_pickaxe":50,"minecraft:wooden_pickaxe":13,"minecraft:iron_sword":1,"minecraft:torch":31,"minecraft:dirt":18,"minecraft:crafting_table":3,"opf:opf":1,"minecraft:acacia_sapling":14,"minecraft:grass_block":2,"realmrpg_creep:halloweed_spawn_egg":5,"onlyhammersandexcavators:stone_hammer":950,"minecraft:diamond_sword":20,"sworddisplay:sword_display":1,"minecraft:cobblestone":6,"aoa3:shyre_sword":2},"minecraft:picked_up":{"minecraft:crafting_table":1,"minecraft:feather":8,"aoa3:copper_coin":4,"minecraft:andesite":82,"jujutsucraft:cursed_technique_changer":1,"butchercraft:pork_scraps":6,"minecraft:lapis_lazuli":42,"minecraft:dirt":19,"minecraft:raw_copper":106,"minecraft:bone":4,"minecraft:acacia_planks":11,"expanded_combat:stone_great_hammer":1,"aoa3:shyre_sword":1,"mysticalagriculture:inferium_essence":1,"minecraft:cobbled_deepslate":86,"aoa3:raw_charger_shank":3,"aoa3:sharp_claw":1,"minecraft:iron_nugget":1,"minecraft:acacia_sapling":4,"hexerei:animal_fat":2,"minecraft:stick":2,"minecraft:raw_iron":5,"minecraft:torch":1,"minecraft:acacia_log":7,"minecraft:diorite":32,"butchercraft:sheep_carcass":1,"butchercraft:leather_scrap":3,"hexerei:sage_seed":1,"butchercraft:chicken_scraps":1,"butchercraft:lamb_scraps":4,"minecraft:granite":20,"minecraft:carved_pumpkin":1,"onlyhammersandexcavators:stone_hammer":1,"butchercraft:beef_scraps":2,"minecraft:coal":49,"minecraft:white_wool":2,"minecraft:cobblestone":590},"minecraft:broken":{"onlyhammersandexcavators:stone_hammer":1},"minecraft:killed":{"minecraft:pig":3,"aoa3:charger":2,"minecraft:sheep":2,"minecraft:chicken":1,"minecraft:cow":1}},"DataVersion":3465}