{"stats":{"minecraft:dropped":{"onlyhammersandexcavators:stone_hammer":1,"jujutsucraft:cursed_technique_changer":1,"butchercraft:sheep_carcass":1},"minecraft:picked_up":{"hexerei:animal_fat":2,"minecraft:stick":2,"minecraft:feather":8,"aoa3:copper_coin":4,"minecraft:andesite":9,"minecraft:torch":1,"minecraft:acacia_log":7,"jujutsucraft:cursed_technique_changer":1,"butchercraft:pork_scraps":6,"minecraft:diorite":4,"minecraft:lapis_lazuli":42,"butchercraft:sheep_carcass":1,"minecraft:dirt":19,"minecraft:raw_copper":52,"hexerei:sage_seed":1,"butchercraft:leather_scrap":3,"butchercraft:chicken_scraps":1,"minecraft:bone":4,"mysticalagriculture:inferium_essence":1,"aoa3:shyre_sword":1,"minecraft:granite":2,"butchercraft:lamb_scraps":4,"aoa3:raw_charger_shank":3,"minecraft:carved_pumpkin":1,"aoa3:sharp_claw":1,"minecraft:iron_nugget":1,"butchercraft:beef_scraps":2,"minecraft:coal":33,"minecraft:acacia_sapling":4,"minecraft:white_wool":2,"minecraft:cobblestone":268},"minecraft:used":{"minecraft:acacia_log":3,"minecraft:grass_block":2,"minecraft:stone_pickaxe":50,"realmrpg_creep:halloweed_spawn_egg":5,"minecraft:wooden_pickaxe":13,"minecraft:iron_sword":1,"onlyhammersandexcavators:stone_hammer":316,"minecraft:torch":12,"minecraft:diamond_sword":20,"minecraft:dirt":18,"sworddisplay:sword_display":1,"minecraft:crafting_table":2,"aoa3:shyre_sword":2,"opf:opf":1,"minecraft:acacia_sapling":13},"minecraft:custom":{"minecraft:time_since_rest":36257,"minecraft:damage_taken":30,"minecraft:sprint_one_cm":100536,"minecraft:walk_one_cm":72040,"minecraft:mob_kills":9,"minecraft:drop":3,"minecraft:damage_dealt":1272,"minecraft:interact_with_crafting_table":6,"minecraft:fly_one_cm":482478,"minecraft:crouch_one_cm":1769,"minecraft:play_time":36257,"minecraft:sneak_time":562,"minecraft:jump":977,"minecraft:damage_dealt_resisted":826,"minecraft:leave_game":1,"minecraft:time_since_death":36257,"minecraft:total_world_time":36257,"minecraft:fall_one_cm":1415},"minecraft:killed":{"minecraft:sheep":2,"minecraft:pig":3,"minecraft:chicken":1,"aoa3:charger":2,"minecraft:cow":1},"minecraft:crafted":{"minecraft:crafting_table":2,"minecraft:stick":28,"minecraft:wooden_pickaxe":1,"minecraft:stone_pickaxe":1,"minecraft:wooden_axe":1,"minecraft:stone_sword":1,"minecraft:torch":60,"minecraft:acacia_planks":28,"onlyhammersandexcavators:stone_hammer":2},"minecraft:mined":{"minecraft:acacia_leaves":1,"minecraft:andesite":9,"minecraft:granite":2,"minecraft:acacia_log":7,"minecraft:coal_ore":33,"minecraft:copper_ore":14,"minecraft:lapis_ore":6,"minecraft:stone":278,"minecraft:diorite":4}},"DataVersion":3465}