{"stats":{"minecraft:custom":{"minecraft:mob_kills":46,"minecraft:interact_with_crafting_table":16,"minecraft:damage_dealt_resisted":1220,"minecraft:leave_game":3,"minecraft:time_since_death":21388,"minecraft:damage_resisted":129,"minecraft:sprint_one_cm":178203,"minecraft:walk_one_cm":277366,"minecraft:drop":83,"minecraft:play_time":97471,"minecraft:deaths":3,"minecraft:sneak_time":3492,"minecraft:walk_under_water_one_cm":541,"minecraft:jump":1961,"minecraft:walk_on_water_one_cm":9651,"minecraft:total_world_time":97471,"minecraft:interact_with_furnace":4,"minecraft:time_since_rest":18989,"minecraft:damage_taken":1280,"minecraft:damage_absorbed":40,"minecraft:damage_dealt":6312,"minecraft:fly_one_cm":769248,"minecraft:open_chest":9,"minecraft:crouch_one_cm":12262,"minecraft:fall_one_cm":21192},"minecraft:killed_by":{"jujutsucraft:cursed_spirit_grade_313":1,"jujutsucraft:cursed_spirit_grade_33":1},"minecraft:picked_up":{"minecraft:crafting_table":3,"aoa3:copper_coin":4,"aoa3:carved_rune_of_space":1,"jujutsucraft:cursed_technique_changer":1,"butchercraft:pork_scraps":9,"minecraft:string":7,"minecraft:raw_copper":106,"expanded_combat:stone_great_hammer":1,"mysticalagriculture:inferium_essence":4,"aoa3:shyre_sword":1,"minecraft:cobbled_deepslate":1312,"aoa3:raw_charger_shank":8,"minecraft:white_tulip":1,"minecraft:calcite":1,"minecraft:iron_nugget":1,"minecraft:egg":1,"minecraft:stick":7,"minecraft:raw_iron":13,"minecraft:torch":8,"minecraft:acacia_log":7,"minecraft:pointed_dripstone":1,"minecraft:diorite":64,"twilightforest:firefly":1,"hexerei:sage_seed":2,"butchercraft:chicken_scraps":1,"minecraft:red_tulip":1,"minecraft:carved_pumpkin":2,"butchercraft:beef_scraps":9,"minecraft:obsidian":14,"minecraft:white_wool":5,"minecraft:cobblestone":846,"minecraft:feather":22,"minecraft:andesite":184,"minecraft:leather":1,"minecraft:red_mushroom":1,"realmrpg_creep:creeping_sprout":1,"minecraft:tuff":264,"minecraft:lapis_lazuli":60,"minecraft:dirt":31,"twilightforest:canopy_sapling":1,"minecraft:bone":5,"minecraft:acacia_planks":24,"minecraft:wheat_seeds":1,"minecraft:iron_ingot":1,"aoa3:sharp_claw":1,"minecraft:acacia_sapling":4,"hexerei:animal_fat":4,"minecraft:smooth_basalt":12,"minecraft:dandelion":12,"minecraft:dripstone_block":4,"twilightforest:canopy_log":2,"aoa3:ivory":1,"butchercraft:sheep_carcass":1,"minecraft:spider_eye":1,"butchercraft:leather_scrap":8,"minecraft:diamond":9,"minecraft:granite":85,"butchercraft:lamb_scraps":12,"onlyhammersandexcavators:stone_hammer":2,"minecraft:coal":50},"minecraft:broken":{"onlyhammersandexcavators:stone_hammer":5},"minecraft:dropped":{"butchercraft:beef_scraps":4,"butchercraft:leather_scrap":5,"minecraft:diamond":1,"minecraft:dripstone_block":4,"minecraft:feather":1,"minecraft:cobblestone":543,"minecraft:leather":1,"minecraft:granite":21,"twilightforest:canopy_log":2,"minecraft:coal":27,"minecraft:stick":5,"minecraft:dirt":12,"minecraft:diorite":64,"minecraft:wooden_axe":1,"aoa3:ivory":1,"aoa3:carved_rune_of_space":64,"minecraft:white_wool":3,"minecraft:acacia_planks":4,"minecraft:bone":1,"minecraft:smooth_basalt":6,"minecraft:white_tulip":1,"hexerei:animal_fat":1,"onlyhammersandexcavators:stone_hammer":3,"minecraft:cobbled_deepslate":838,"minecraft:tuff":267,"minecraft:pointed_dripstone":1,"jujutsucraft:cursed_technique_changer":1,"butchercraft:sheep_carcass":1,"realmrpg_creep:creeping_sprout":1,"minecraft:andesite":128,"mysticalagriculture:inferium_essence":3,"minecraft:carved_pumpkin":1,"minecraft:stone_pickaxe":1,"minecraft:wooden_pickaxe":1,"minecraft:calcite":1},"minecraft:crafted":{"minecraft:furnace":1,"minecraft:stone_pickaxe":1,"onlyhammersandexcavators:stone_hammer":10,"minecraft:crafting_table":3,"minecraft:wooden_pickaxe":1,"minecraft:bucket":1,"minecraft:air":0,"minecraft:diamond_pickaxe":1,"minecraft:stick":60,"minecraft:iron_ingot":9,"minecraft:iron_pickaxe":1,"minecraft:wooden_axe":1,"minecraft:stone_sword":1,"minecraft:acacia_planks":28,"minecraft:torch":84},"minecraft:used":{"minecraft:stone_sword":101,"minecraft:acacia_log":3,"minecraft:iron_sword":1,"aoa3:raw_charger_shank":5,"minecraft:torch":92,"minecraft:dirt":18,"opf:opf":1,"minecraft:acacia_sapling":14,"minecraft:tuff":2,"minecraft:grass_block":2,"realmrpg_creep:halloweed_spawn_egg":5,"onlyhammersandexcavators:stone_hammer":4293,"sworddisplay:sword_display":1,"butchercraft:beef_scraps":3,"minecraft:furnace":1,"minecraft:egg":1,"minecraft:cobbled_deepslate":78,"minecraft:water_bucket":6,"minecraft:stone_pickaxe":75,"minecraft:wooden_pickaxe":13,"jujutsucraft:human_stock_car":3,"butchercraft:pork_scraps":3,"minecraft:golden_apple":1,"minecraft:crafting_table":6,"minecraft:diamond_pickaxe":32,"minecraft:iron_pickaxe":17,"butchercraft:lamb_scraps":8,"minecraft:diamond_sword":20,"minecraft:cobblestone":34,"aoa3:shyre_sword":2,"minecraft:bucket":6,"minecraft:andesite":2,"minecraft:dandelion":12},"minecraft:mined":{"twilightforest:firefly":1,"minecraft:tuff":467,"minecraft:deepslate_diamond_ore":6,"minecraft:obsidian":14,"minecraft:granite":128,"minecraft:acacia_log":7,"minecraft:grass_block":12,"minecraft:spawner":4,"minecraft:iron_ore":4,"minecraft:andesite":154,"minecraft:deepslate_lapis_ore":8,"twilightforest:canopy_leaves":38,"minecraft:deepslate_iron_ore":8,"minecraft:stone":753,"minecraft:acacia_leaves":1,"minecraft:dandelion":13,"minecraft:crafting_table":1,"minecraft:calcite":6,"minecraft:copper_ore":32,"minecraft:lapis_ore":6,"minecraft:diorite":32,"minecraft:amethyst_block":8,"minecraft:grass":25,"minecraft:coal_ore":43,"minecraft:dirt":15,"minecraft:gravel":2,"minecraft:dripstone_block":4,"minecraft:smooth_basalt":4,"minecraft:deepslate":2289},"minecraft:killed":{"twilightforest:hostile_wolf":1,"realmrpg_creep:halloweed":1,"aoa3:charger":6,"minecraft:horse":1,"twilightforest:swarm_spider":3,"minecraft:chicken":1,"twilightforest:hedge_spider":3,"aoa3:ancient_golem":1,"minecraft:pig":6,"minecraft:rabbit":1,"minecraft:sheep":11,"minecraft:goat":4,"aoa3:goblin":1,"minecraft:cow":6}},"DataVersion":3465}