{"stats":{"minecraft:mined":{"minecraft:tuff":321,"minecraft:acacia_leaves":1,"minecraft:deepslate_diamond_ore":1,"minecraft:crafting_table":1,"minecraft:granite":20,"minecraft:acacia_log":7,"minecraft:grass_block":5,"minecraft:copper_ore":32,"minecraft:lapis_ore":6,"minecraft:diorite":32,"minecraft:iron_ore":4,"minecraft:andesite":154,"minecraft:deepslate_lapis_ore":8,"minecraft:grass":2,"minecraft:coal_ore":43,"minecraft:deepslate_iron_ore":5,"minecraft:dirt":3,"minecraft:dripstone_block":4,"minecraft:stone":619,"minecraft:deepslate":1631},"minecraft:custom":{"minecraft:interact_with_furnace":4,"minecraft:mob_kills":18,"minecraft:interact_with_crafting_table":14,"minecraft:damage_dealt_resisted":826,"minecraft:leave_game":1,"minecraft:time_since_death":59946,"minecraft:time_since_rest":59946,"minecraft:sprint_one_cm":120057,"minecraft:damage_taken":231,"minecraft:walk_one_cm":169329,"minecraft:drop":43,"minecraft:damage_dealt":2191,"minecraft:fly_one_cm":494029,"minecraft:crouch_one_cm":3192,"minecraft:play_time":59946,"minecraft:sneak_time":1253,"minecraft:jump":1241,"minecraft:total_world_time":59946,"minecraft:fall_one_cm":3064},"minecraft:crafted":{"minecraft:crafting_table":3,"minecraft:wooden_pickaxe":1,"minecraft:furnace":1,"minecraft:air":0,"minecraft:stick":60,"minecraft:iron_ingot":9,"minecraft:iron_pickaxe":1,"minecraft:stone_pickaxe":1,"minecraft:wooden_axe":1,"minecraft:stone_sword":1,"minecraft:acacia_planks":28,"minecraft:torch":84,"onlyhammersandexcavators:stone_hammer":10},"minecraft:dropped":{"hexerei:animal_fat":1,"butchercraft:leather_scrap":2,"minecraft:cobbled_deepslate":323,"onlyhammersandexcavators:stone_hammer":3,"minecraft:tuff":204,"minecraft:pointed_dripstone":1,"jujutsucraft:cursed_technique_changer":1,"minecraft:feather":1,"minecraft:cobblestone":287,"butchercraft:sheep_carcass":1,"minecraft:granite":21,"minecraft:stick":4,"minecraft:dirt":8,"minecraft:diorite":32,"minecraft:andesite":128,"mysticalagriculture:inferium_essence":1,"minecraft:wooden_axe":1,"minecraft:stone_pickaxe":1,"minecraft:wooden_pickaxe":1,"minecraft:white_wool":1,"minecraft:acacia_planks":4},"minecraft:used":{"minecraft:stone_sword":31,"minecraft:acacia_log":3,"minecraft:stone_pickaxe":75,"minecraft:wooden_pickaxe":13,"minecraft:iron_sword":1,"aoa3:raw_charger_shank":1,"butchercraft:pork_scraps":3,"minecraft:torch":71,"minecraft:dirt":18,"minecraft:crafting_table":5,"opf:opf":1,"minecraft:acacia_sapling":14,"minecraft:tuff":1,"minecraft:grass_block":2,"minecraft:iron_pickaxe":8,"realmrpg_creep:halloweed_spawn_egg":5,"onlyhammersandexcavators:stone_hammer":3102,"butchercraft:lamb_scraps":7,"minecraft:diamond_sword":20,"sworddisplay:sword_display":1,"minecraft:cobblestone":34,"minecraft:furnace":1,"aoa3:shyre_sword":2,"minecraft:andesite":2},"minecraft:picked_up":{"minecraft:crafting_table":2,"minecraft:feather":9,"aoa3:copper_coin":4,"minecraft:andesite":184,"aoa3:carved_rune_of_space":1,"jujutsucraft:cursed_technique_changer":1,"butchercraft:pork_scraps":9,"minecraft:tuff":264,"minecraft:lapis_lazuli":60,"minecraft:dirt":27,"minecraft:raw_copper":106,"minecraft:bone":4,"minecraft:acacia_planks":24,"expanded_combat:stone_great_hammer":1,"aoa3:shyre_sword":1,"mysticalagriculture:inferium_essence":2,"minecraft:cobbled_deepslate":834,"aoa3:raw_charger_shank":4,"aoa3:sharp_claw":1,"minecraft:iron_nugget":1,"minecraft:acacia_sapling":4,"hexerei:animal_fat":3,"minecraft:stick":4,"minecraft:raw_iron":9,"minecraft:torch":3,"minecraft:acacia_log":7,"minecraft:dripstone_block":4,"minecraft:pointed_dripstone":1,"minecraft:diorite":64,"butchercraft:sheep_carcass":1,"butchercraft:leather_scrap":5,"hexerei:sage_seed":1,"butchercraft:chicken_scraps":1,"minecraft:diamond":1,"butchercraft:lamb_scraps":11,"minecraft:granite":21,"minecraft:carved_pumpkin":1,"onlyhammersandexcavators:stone_hammer":2,"butchercraft:beef_scraps":2,"minecraft:coal":50,"minecraft:white_wool":3,"minecraft:cobblestone":718},"minecraft:broken":{"onlyhammersandexcavators:stone_hammer":3},"minecraft:killed":{"minecraft:pig":5,"aoa3:charger":3,"minecraft:sheep":6,"minecraft:chicken":1,"minecraft:cow":3}},"DataVersion":3465}