{"stats":{"minecraft:killed_by":{"realmrpg_creep:halloweed":2},"minecraft:picked_up":{"hexerei:sage_seed":1,"minecraft:feather":1,"minecraft:bone":1,"minecraft:wheat_seeds":4,"minecraft:acacia_log":18,"aoa3:raw_charger_shank":1,"aoa3:sharp_claw":1,"aoa3:ivory":2,"minecraft:acacia_sapling":2,"minecraft:dirt":7},"minecraft:used":{"jujutsucraft:sword_black":11,"minecraft:dirt":3,"jujutsucraft:uniform_normal_leggings":1,"jujutsucraft:hair_fushiguro_megumi_helmet":1,"tombstone:gift":1,"jujutsucraft:uniform_normal_boots":1,"jujutsucraft:uniform_normal_chestplate":1},"minecraft:custom":{"minecraft:time_since_rest":4574,"minecraft:deaths":2,"minecraft:play_time":10685,"minecraft:sprint_one_cm":49209,"minecraft:damage_taken":565,"minecraft:walk_one_cm":10177,"minecraft:mob_kills":1,"minecraft:jump":281,"minecraft:time_since_death":4620,"minecraft:total_world_time":10685,"minecraft:fall_one_cm":6397,"minecraft:fly_one_cm":80886},"minecraft:killed":{"minecraft:goat":1},"minecraft:crafted":{"minecraft:acacia_planks":70},"minecraft:mined":{"minecraft:grass":29,"minecraft:acacia_log":20,"minecraft:acacia_leaves":3,"minecraft:grass_block":7,"minecraft:dirt":1,"minecraft:tall_grass":4}},"DataVersion":3465}