{"stats":{"minecraft:killed":{"aoa3:charger":2,"minecraft:sheep":1,"minecraft:goat":1,"aoa3:goblin":4,"minecraft:chicken":2,"jujutsucraft:cursed_spirit_grade_34":2},"minecraft:crafted":{"butchercraft:cooked_lamb_scraps":2,"butchercraft:cooked_chicken_scraps":2,"minecraft:crafting_table":1,"minecraft:wooden_pickaxe":2,"minecraft:furnace":1,"minecraft:stone_axe":1,"minecraft:air":0,"aoa3:cooked_charger_shank":2,"minecraft:stick":16,"minecraft:stone_pickaxe":1,"minecraft:wooden_axe":2,"minecraft:stone_sword":1,"minecraft:acacia_planks":56},"minecraft:killed_by":{"jujutsucraft:sukuna_fushiguro":1},"minecraft:custom":{"minecraft:interact_with_furnace":5,"minecraft:mob_kills":13,"minecraft:interact_with_crafting_table":4,"minecraft:damage_dealt_resisted":85,"minecraft:time_since_death":9106,"minecraft:climb_one_cm":870,"minecraft:time_since_rest":8208,"minecraft:sprint_one_cm":42190,"minecraft:damage_taken":470,"minecraft:walk_one_cm":48521,"minecraft:drop":11,"minecraft:damage_dealt":1903,"minecraft:swim_one_cm":7095,"minecraft:talked_to_villager":1,"minecraft:fly_one_cm":64617,"minecraft:open_chest":11,"minecraft:crouch_one_cm":3009,"minecraft:play_time":20181,"tombstone:undead_killed":1,"minecraft:deaths":1,"minecraft:sneak_time":1093,"minecraft:walk_under_water_one_cm":106,"tombstone:villager_killed":1,"minecraft:jump":324,"minecraft:walk_on_water_one_cm":884,"minecraft:total_world_time":20181,"minecraft:fall_one_cm":8794},"minecraft:used":{"minecraft:stone_sword":42,"minecraft:stone_pickaxe":1,"minecraft:wooden_pickaxe":25,"jujutsucraft:uniform_normal_boots":1,"minecraft:white_wool":1,"minecraft:dirt":6,"minecraft:crafting_table":1,"jujutsucraft:uniform_normal_chestplate":1,"minecraft:wooden_axe":21,"minecraft:stone_axe":5,"minecraft:cobblestone":9,"jujutsucraft:uniform_normal_leggings":1,"minecraft:furnace":1,"minecraft:acacia_planks":9},"minecraft:picked_up":{"minecraft:birch_log":3,"minecraft:crafting_table":1,"minecraft:feather":6,"aoa3:copper_coin":17,"realmrpg_creep:creeping_sprout":3,"minecraft:dirt":6,"minecraft:bone":4,"mysticalagriculture:inferium_essence":3,"aoa3:raw_charger_shank":2,"minecraft:iron_nugget":8,"minecraft:furnace":1,"aoa3:torn_cloth":3,"minecraft:acacia_log":14,"aoa3:scrap_metal":3,"minecraft:vine":1,"aoa3:carved_rune_of_travel":1,"aoa3:ivory":2,"butchercraft:chicken_scraps":2,"butchercraft:lamb_scraps":2,"minecraft:carved_pumpkin":1,"minecraft:white_wool":1,"minecraft:cobblestone":25},"minecraft:dropped":{"minecraft:iron_nugget":4,"aoa3:scrap_metal":3,"aoa3:torn_cloth":3,"mysticalagriculture:inferium_essence":1,"aoa3:ivory":2,"cwsr:wind_essence":2},"minecraft:mined":{"minecraft:crafting_table":1,"minecraft:acacia_log":14,"minecraft:grass_block":1,"minecraft:furnace":1,"minecraft:birch_log":3,"minecraft:grass":3,"minecraft:dirt":5,"minecraft:stone":25,"minecraft:oak_leaves":3}},"DataVersion":3465}