{"stats":{"minecraft:killed":{"minecraft:sheep":1,"minecraft:goat":1,"aoa3:goblin":4,"minecraft:chicken":2,"aoa3:charger":2,"jujutsucraft:cursed_spirit_grade_34":2},"minecraft:crafted":{"butchercraft:cooked_lamb_scraps":2,"butchercraft:cooked_chicken_scraps":2,"minecraft:crafting_table":1,"minecraft:stick":16,"minecraft:wooden_pickaxe":2,"minecraft:stone_pickaxe":1,"minecraft:wooden_axe":2,"minecraft:stone_sword":1,"minecraft:furnace":1,"minecraft:acacia_planks":56,"minecraft:stone_axe":1,"minecraft:air":0,"aoa3:cooked_charger_shank":2},"minecraft:killed_by":{"jujutsucraft:sukuna_fushiguro":1},"minecraft:custom":{"minecraft:time_since_rest":2208,"minecraft:damage_taken":451,"minecraft:interact_with_furnace":5,"minecraft:sprint_one_cm":30634,"minecraft:walk_one_cm":41782,"minecraft:mob_kills":13,"minecraft:drop":10,"minecraft:damage_dealt":1903,"minecraft:talked_to_villager":1,"minecraft:interact_with_crafting_table":4,"minecraft:fly_one_cm":56105,"minecraft:deaths":1,"minecraft:crouch_one_cm":2710,"minecraft:play_time":14181,"tombstone:undead_killed":1,"minecraft:sneak_time":942,"minecraft:damage_dealt_resisted":85,"tombstone:villager_killed":1,"minecraft:jump":271,"minecraft:time_since_death":3106,"minecraft:climb_one_cm":486,"minecraft:total_world_time":14181,"minecraft:fall_one_cm":8585},"minecraft:used":{"minecraft:wooden_axe":21,"minecraft:stone_sword":40,"minecraft:stone_pickaxe":1,"minecraft:wooden_pickaxe":25,"jujutsucraft:uniform_normal_boots":1,"minecraft:stone_axe":2,"minecraft:white_wool":1,"minecraft:crafting_table":1,"jujutsucraft:uniform_normal_leggings":1,"minecraft:furnace":1,"minecraft:acacia_planks":9,"jujutsucraft:uniform_normal_chestplate":1},"minecraft:picked_up":{"minecraft:crafting_table":1,"minecraft:feather":6,"aoa3:copper_coin":17,"minecraft:acacia_log":14,"realmrpg_creep:creeping_sprout":3,"aoa3:scrap_metal":3,"minecraft:vine":1,"aoa3:carved_rune_of_travel":1,"aoa3:ivory":2,"minecraft:dirt":6,"butchercraft:chicken_scraps":2,"minecraft:bone":4,"mysticalagriculture:inferium_essence":3,"butchercraft:lamb_scraps":2,"aoa3:raw_charger_shank":2,"minecraft:carved_pumpkin":1,"minecraft:iron_nugget":8,"aoa3:torn_cloth":3,"minecraft:white_wool":1,"minecraft:cobblestone":25,"minecraft:furnace":1},"minecraft:dropped":{"minecraft:iron_nugget":4,"aoa3:scrap_metal":3,"mysticalagriculture:inferium_essence":1,"aoa3:ivory":2,"aoa3:torn_cloth":3},"minecraft:mined":{"minecraft:furnace":1,"minecraft:crafting_table":1,"minecraft:grass":3,"minecraft:acacia_log":14,"minecraft:grass_block":1,"minecraft:dirt":5,"minecraft:stone":25,"minecraft:oak_leaves":1}},"DataVersion":3465}