{"stats":{"minecraft:killed":{"minecraft:sheep":1},"minecraft:crafted":{"minecraft:acacia_planks":20,"minecraft:crafting_table":1,"minecraft:stick":4,"minecraft:wooden_pickaxe":1,"minecraft:wooden_axe":1},"minecraft:custom":{"minecraft:time_since_rest":2181,"minecraft:crouch_one_cm":258,"minecraft:play_time":2181,"minecraft:sprint_one_cm":1625,"minecraft:walk_one_cm":5311,"minecraft:sneak_time":94,"minecraft:mob_kills":1,"minecraft:jump":10,"minecraft:damage_dealt":95,"minecraft:time_since_death":2181,"minecraft:total_world_time":2181,"minecraft:interact_with_crafting_table":1,"minecraft:fly_one_cm":3243},"minecraft:picked_up":{"minecraft:acacia_log":12,"butchercraft:lamb_scraps":2,"minecraft:white_wool":1},"minecraft:used":{"minecraft:wooden_axe":8,"minecraft:white_wool":1,"minecraft:crafting_table":1,"jujutsucraft:uniform_normal_leggings":1,"jujutsucraft:uniform_normal_boots":1,"jujutsucraft:uniform_normal_chestplate":1},"minecraft:mined":{"minecraft:grass":1,"minecraft:acacia_log":13}},"DataVersion":3465}