{"stats":{"minecraft:killed_by":{"jujutsucraft:cursed_spirit_grade_214":1},"minecraft:mined":{"minecraft:tuff":112,"minecraft:acacia_leaves":2,"minecraft:deepslate_diamond_ore":5,"minecraft:crafting_table":3,"minecraft:granite":79,"minecraft:acacia_log":25,"minecraft:grass_block":13,"minecraft:copper_ore":20,"minecraft:cobblestone":5,"minecraft:deepslate_gold_ore":6,"minecraft:diorite":22,"minecraft:wall_torch":2,"minecraft:furnace":8,"minecraft:iron_ore":17,"minecraft:andesite":117,"minecraft:deepslate_lapis_ore":4,"minecraft:grass":15,"minecraft:coal_ore":50,"evilcraft:blood_stain":1,"minecraft:dirt":30,"minecraft:stone":704,"minecraft:deepslate":981},"minecraft:custom":{"minecraft:interact_with_furnace":11,"minecraft:mob_kills":1,"minecraft:interact_with_crafting_table":13,"minecraft:damage_dealt_resisted":3,"minecraft:leave_game":1,"minecraft:time_since_death":23554,"minecraft:time_since_rest":21871,"minecraft:sprint_one_cm":94116,"minecraft:damage_taken":680,"minecraft:walk_one_cm":90159,"minecraft:drop":38,"minecraft:damage_dealt":184,"minecraft:fly_one_cm":113400,"minecraft:crouch_one_cm":1185,"minecraft:play_time":45846,"minecraft:deaths":1,"minecraft:sneak_time":432,"minecraft:jump":521,"minecraft:total_world_time":45846,"minecraft:fall_one_cm":11314},"minecraft:crafted":{"minecraft:crafting_table":5,"minecraft:wooden_pickaxe":1,"minecraft:furnace":8,"minecraft:stone_axe":1,"minecraft:air":0,"minecraft:iron_chestplate":1,"minecraft:stick":36,"minecraft:iron_ingot":13,"minecraft:iron_pickaxe":1,"minecraft:stone_pickaxe":2,"minecraft:acacia_planks":100,"minecraft:torch":64,"onlyhammersandexcavators:stone_hammer":3},"minecraft:dropped":{"minecraft:wheat_seeds":4,"minecraft:cobbled_deepslate":206,"minecraft:crafting_table":1,"minecraft:tuff":38,"aoa3:raw_charger_shank":2,"jujutsucraft:cursed_technique_changer":1,"minecraft:cobblestone":439,"minecraft:granite":9,"jujutsucraft:uniform_normal_chestplate":1,"minecraft:dirt":18,"minecraft:andesite":64,"minecraft:acacia_sapling":2,"minecraft:stone_pickaxe":2,"minecraft:wooden_pickaxe":1,"minecraft:acacia_planks":11},"minecraft:used":{"minecraft:stone_pickaxe":52,"minecraft:wooden_pickaxe":24,"jujutsucraft:uniform_normal_boots":1,"minecraft:iron_chestplate":1,"minecraft:torch":10,"minecraft:dirt":14,"minecraft:crafting_table":7,"minecraft:acacia_sapling":1,"jujutsucraft:uniform_normal_chestplate":1,"minecraft:iron_pickaxe":14,"onlyhammersandexcavators:stone_hammer":2290,"minecraft:stone_axe":24,"minecraft:cobblestone":21,"jujutsucraft:uniform_normal_leggings":1,"minecraft:furnace":8},"minecraft:picked_up":{"minecraft:crafting_table":3,"minecraft:feather":5,"aoa3:copper_coin":4,"minecraft:andesite":64,"realmrpg_creep:creeping_sprout":3,"jujutsucraft:cursed_technique_changer":1,"minecraft:tuff":38,"minecraft:lapis_lazuli":30,"minecraft:dirt":32,"minecraft:raw_copper":72,"minecraft:wheat_seeds":4,"minecraft:cobbled_deepslate":364,"minecraft:raw_gold":7,"minecraft:stone_pickaxe":1,"aoa3:raw_charger_shank":4,"aoa3:sharp_claw":2,"minecraft:acacia_sapling":4,"minecraft:furnace":8,"hexerei:animal_fat":1,"opf:opf":1,"minecraft:raw_iron":16,"minecraft:torch":2,"minecraft:acacia_log":25,"jujutsucraft:uniform_normal_chestplate":1,"minecraft:diamond":7,"minecraft:granite":73,"onlyhammersandexcavators:stone_hammer":1,"minecraft:coal":44,"minecraft:cobblestone":640},"minecraft:killed":{"aoa3:charger":1},"minecraft:broken":{"onlyhammersandexcavators:stone_hammer":3}},"DataVersion":3465}