{"stats":{"minecraft:dropped":{"minecraft:dirt":9,"jujutsucraft:cursed_technique_changer":1,"minecraft:acacia_sapling":2,"minecraft:wooden_pickaxe":1},"minecraft:picked_up":{"opf:opf":1,"minecraft:raw_iron":12,"minecraft:crafting_table":1,"aoa3:copper_coin":4,"minecraft:feather":4,"minecraft:andesite":8,"minecraft:acacia_log":25,"realmrpg_creep:creeping_sprout":3,"jujutsucraft:cursed_technique_changer":1,"minecraft:dirt":32,"minecraft:raw_copper":10,"minecraft:wheat_seeds":2,"aoa3:raw_charger_shank":2,"aoa3:sharp_claw":2,"onlyhammersandexcavators:stone_hammer":1,"minecraft:coal":1,"minecraft:acacia_sapling":4,"minecraft:cobblestone":247},"minecraft:killed_by":{"jujutsucraft:cursed_spirit_grade_214":1},"minecraft:used":{"minecraft:stone_pickaxe":52,"minecraft:wooden_pickaxe":24,"jujutsucraft:uniform_normal_boots":1,"onlyhammersandexcavators:stone_hammer":226,"minecraft:stone_axe":22,"minecraft:dirt":14,"minecraft:cobblestone":4,"minecraft:crafting_table":2,"jujutsucraft:uniform_normal_leggings":1,"minecraft:acacia_sapling":1,"jujutsucraft:uniform_normal_chestplate":1},"minecraft:custom":{"minecraft:time_since_rest":4558,"minecraft:sprint_one_cm":74306,"minecraft:damage_taken":680,"minecraft:walk_one_cm":51329,"minecraft:mob_kills":1,"minecraft:drop":7,"minecraft:damage_dealt":180,"minecraft:interact_with_crafting_table":3,"minecraft:fly_one_cm":108291,"minecraft:crouch_one_cm":1182,"minecraft:play_time":28533,"minecraft:deaths":1,"minecraft:sneak_time":422,"minecraft:jump":467,"minecraft:leave_game":1,"minecraft:time_since_death":6241,"minecraft:total_world_time":28533,"minecraft:fall_one_cm":10029},"minecraft:killed":{"aoa3:charger":1},"minecraft:crafted":{"minecraft:crafting_table":2,"minecraft:stick":8,"minecraft:wooden_pickaxe":1,"minecraft:stone_pickaxe":2,"minecraft:acacia_planks":36,"minecraft:stone_axe":1},"minecraft:mined":{"minecraft:acacia_leaves":2,"minecraft:iron_ore":13,"minecraft:andesite":8,"minecraft:crafting_table":1,"minecraft:grass":15,"minecraft:acacia_log":25,"minecraft:grass_block":13,"evilcraft:blood_stain":1,"minecraft:dirt":30,"minecraft:copper_ore":2,"minecraft:stone":241,"minecraft:wall_torch":1}},"DataVersion":3465}