{"stats":{"minecraft:killed":{"aoa3:charger":1,"minecraft:chicken":1,"realmrpg_creep:creepling":1,"minecraft:sheep":3,"evilcraft:poisonous_libelle":2},"minecraft:crafted":{"minecraft:furnace":8,"minecraft:stone_pickaxe":2,"onlyhammersandexcavators:stone_hammer":5,"minecraft:golden_boots":1,"minecraft:crafting_table":10,"minecraft:wooden_pickaxe":1,"minecraft:iron_helmet":1,"minecraft:stone_axe":1,"minecraft:acacia_boat":1,"minecraft:air":0,"minecraft:iron_chestplate":1,"minecraft:golden_leggings":1,"minecraft:stick":52,"minecraft:iron_ingot":16,"minecraft:iron_pickaxe":1,"minecraft:stone_sword":1,"minecraft:gold_ingot":25,"minecraft:white_bed":1,"minecraft:acacia_planks":100,"minecraft:torch":76},"minecraft:killed_by":{"jujutsucraft:cursed_spirit_grade_214":1},"minecraft:custom":{"minecraft:mob_kills":8,"minecraft:interact_with_crafting_table":23,"minecraft:damage_dealt_resisted":3,"minecraft:leave_game":3,"minecraft:time_since_death":71730,"minecraft:climb_one_cm":2164,"minecraft:sprint_one_cm":235180,"minecraft:walk_one_cm":227169,"minecraft:drop":113,"minecraft:play_time":94022,"minecraft:deaths":1,"minecraft:sneak_time":1864,"minecraft:walk_under_water_one_cm":5297,"minecraft:boat_one_cm":10439,"minecraft:jump":1578,"minecraft:walk_on_water_one_cm":17206,"minecraft:total_world_time":94022,"minecraft:interact_with_furnace":35,"minecraft:sleep_in_bed":2,"minecraft:time_since_rest":2271,"minecraft:waystone_activated":1,"minecraft:damage_taken":1176,"minecraft:damage_dealt":634,"minecraft:swim_one_cm":22152,"minecraft:fly_one_cm":314813,"minecraft:open_chest":5,"minecraft:crouch_one_cm":8256,"minecraft:fall_one_cm":37867},"minecraft:broken":{"onlyhammersandexcavators:stone_hammer":6},"minecraft:used":{"minecraft:stone_sword":1,"aoa3:carved_rune_of_reality":1,"minecraft:iron_chestplate":1,"minecraft:torch":30,"minecraft:dirt":14,"opf:opf":4,"minecraft:acacia_sapling":1,"minecraft:iron_helmet":1,"onlyhammersandexcavators:stone_hammer":3898,"minecraft:smooth_basalt":5,"minecraft:furnace":10,"minecraft:cobbled_deepslate":119,"minecraft:acacia_boat":1,"minecraft:stone_pickaxe":52,"minecraft:wooden_pickaxe":24,"jujutsucraft:uniform_normal_boots":1,"minecraft:crafting_table":13,"minecraft:white_bed":2,"jujutsucraft:uniform_normal_chestplate":1,"minecraft:iron_pickaxe":40,"minecraft:stone_axe":45,"minecraft:cobblestone":82,"jujutsucraft:uniform_normal_leggings":1},"minecraft:picked_up":{"minecraft:crafting_table":6,"aoa3:copper_coin":13,"jujutsucraft:cursed_technique_changer":1,"minecraft:amethyst_block":53,"minecraft:raw_copper":72,"evilcraft:poison_sac":3,"mysticalagriculture:inferium_essence":1,"minecraft:cobbled_deepslate":545,"aoa3:raw_charger_shank":4,"minecraft:cobblestone_slab":2,"minecraft:calcite":64,"minecraft:furnace":8,"minecraft:raw_iron":16,"minecraft:torch":2,"minecraft:acacia_log":25,"hexerei:sage_seed":2,"minecraft:beetroot_seeds":1,"ars_nouveau:worn_notebook":1,"minecraft:white_wool":3,"minecraft:cobblestone":779,"minecraft:feather":5,"aoa3:carved_rune_of_reality":1,"minecraft:andesite":64,"realmrpg_creep:creeping_sprout":3,"minecraft:tuff":100,"minecraft:oak_log":2,"minecraft:lapis_lazuli":60,"minecraft:dirt":36,"botania:black_mystical_flower":1,"minecraft:wheat_seeds":18,"minecraft:raw_gold":25,"theoneprobe:probenote":1,"minecraft:stone_pickaxe":1,"aoa3:sharp_claw":2,"minecraft:acacia_sapling":4,"hexerei:animal_fat":1,"opf:opf":5,"minecraft:smooth_basalt":21,"artifacts:rooted_boots":1,"minecraft:dripstone_block":8,"aoa3:scrap_metal":3,"jujutsucraft:uniform_normal_chestplate":1,"minecraft:white_bed":2,"minecraft:diamond":8,"minecraft:stone_axe":2,"waystones:waystone":1,"minecraft:granite":178,"onlyhammersandexcavators:stone_hammer":1,"minecraft:coal":72},"minecraft:dropped":{"minecraft:wheat_seeds":12,"aoa3:scrap_metal":2,"minecraft:oak_log":2,"minecraft:crafting_table":3,"minecraft:dripstone_block":8,"botania:black_mystical_flower":1,"minecraft:cobblestone":579,"minecraft:granite":178,"aoa3:copper_coin":13,"minecraft:stick":7,"minecraft:dirt":22,"ars_nouveau:worn_notebook":2,"theoneprobe:probenote":2,"minecraft:acacia_planks":20,"minecraft:smooth_basalt":16,"minecraft:stone_axe":2,"hexerei:animal_fat":8,"hexerei:sage_seed":2,"jujutsucraft:uniform_normal_leggings":1,"minecraft:cobbled_deepslate":525,"minecraft:tuff":108,"aoa3:raw_charger_shank":2,"jujutsucraft:cursed_technique_changer":1,"evilcraft:poison_sac":3,"jujutsucraft:uniform_normal_chestplate":2,"minecraft:cobblestone_slab":2,"aoa3:sharp_claw":2,"realmrpg_creep:creeping_sprout":3,"minecraft:andesite":64,"minecraft:beetroot_seeds":1,"minecraft:acacia_sapling":2,"minecraft:stone_pickaxe":2,"minecraft:wooden_pickaxe":1,"jujutsucraft:uniform_normal_boots":1},"minecraft:mined":{"minecraft:tuff":205,"minecraft:white_bed":2,"minecraft:deepslate_diamond_ore":6,"minecraft:acacia_log":25,"minecraft:granite":79,"minecraft:budding_amethyst":6,"minecraft:grass_block":19,"minecraft:tall_seagrass":2,"minecraft:furnace":8,"minecraft:iron_ore":17,"minecraft:cobbled_deepslate":2,"minecraft:andesite":117,"minecraft:deepslate_lapis_ore":9,"twilightforest:canopy_leaves":6,"minecraft:cobblestone_slab":1,"minecraft:vine":1,"minecraft:small_amethyst_bud":1,"aoa3:carved_rune_of_reality":1,"minecraft:stone":704,"minecraft:acacia_leaves":2,"minecraft:crafting_table":5,"minecraft:calcite":75,"minecraft:cobblestone":8,"minecraft:copper_ore":20,"minecraft:deepslate_gold_ore":19,"minecraft:diorite":22,"minecraft:wall_torch":2,"botania:black_mystical_flower":1,"minecraft:amethyst_block":49,"farmersdelight:wild_beetroots":1,"minecraft:stone_stairs":1,"farmersdelight:sandy_shrub":1,"minecraft:birch_leaves":3,"minecraft:grass":140,"minecraft:coal_ore":50,"evilcraft:blood_stain":1,"minecraft:dirt":32,"minecraft:gravel":1,"minecraft:smooth_basalt":25,"twilightforest:canopy_log":2,"minecraft:oak_leaves":17,"minecraft:deepslate":2169,"minecraft:fern":24}},"DataVersion":3465}