{"stats":{"minecraft:killed_by":{"jujutsucraft:cursed_spirit_grade_214":1},"minecraft:mined":{"minecraft:acacia_leaves":2,"minecraft:iron_ore":14,"minecraft:andesite":58,"minecraft:crafting_table":1,"minecraft:granite":23,"minecraft:grass":15,"minecraft:acacia_log":25,"minecraft:grass_block":13,"minecraft:coal_ore":50,"evilcraft:blood_stain":1,"minecraft:dirt":30,"minecraft:copper_ore":20,"minecraft:stone":507,"minecraft:wall_torch":2},"minecraft:custom":{"minecraft:time_since_rest":9871,"minecraft:interact_with_furnace":2,"minecraft:damage_taken":680,"minecraft:sprint_one_cm":87133,"minecraft:walk_one_cm":64794,"minecraft:mob_kills":1,"minecraft:drop":11,"minecraft:damage_dealt":184,"minecraft:interact_with_crafting_table":6,"minecraft:fly_one_cm":111814,"minecraft:crouch_one_cm":1185,"minecraft:play_time":33846,"minecraft:deaths":1,"minecraft:sneak_time":424,"minecraft:damage_dealt_resisted":3,"minecraft:jump":506,"minecraft:leave_game":1,"minecraft:time_since_death":11554,"minecraft:total_world_time":33846,"minecraft:fall_one_cm":10238},"minecraft:crafted":{"minecraft:crafting_table":4,"minecraft:stick":12,"minecraft:wooden_pickaxe":1,"minecraft:stone_pickaxe":2,"minecraft:furnace":8,"minecraft:acacia_planks":36,"minecraft:stone_axe":1,"onlyhammersandexcavators:stone_hammer":1},"minecraft:dropped":{"minecraft:dirt":9,"minecraft:crafting_table":1,"aoa3:raw_charger_shank":2,"minecraft:acacia_sapling":2,"jujutsucraft:cursed_technique_changer":1,"minecraft:wooden_pickaxe":1,"minecraft:acacia_planks":11},"minecraft:used":{"minecraft:stone_pickaxe":52,"minecraft:wooden_pickaxe":24,"jujutsucraft:uniform_normal_boots":1,"onlyhammersandexcavators:stone_hammer":680,"minecraft:stone_axe":22,"minecraft:dirt":14,"minecraft:cobblestone":20,"minecraft:crafting_table":4,"jujutsucraft:uniform_normal_leggings":1,"minecraft:furnace":8,"minecraft:acacia_sapling":1,"jujutsucraft:uniform_normal_chestplate":1},"minecraft:picked_up":{"opf:opf":1,"minecraft:raw_iron":13,"minecraft:crafting_table":1,"minecraft:feather":4,"aoa3:copper_coin":4,"minecraft:andesite":55,"minecraft:torch":2,"minecraft:acacia_log":25,"realmrpg_creep:creeping_sprout":3,"jujutsucraft:cursed_technique_changer":1,"minecraft:dirt":32,"minecraft:raw_copper":72,"minecraft:wheat_seeds":2,"minecraft:granite":19,"aoa3:raw_charger_shank":4,"aoa3:sharp_claw":2,"onlyhammersandexcavators:stone_hammer":1,"minecraft:coal":44,"minecraft:acacia_sapling":4,"minecraft:cobblestone":510},"minecraft:killed":{"aoa3:charger":1},"minecraft:broken":{"onlyhammersandexcavators:stone_hammer":1}},"DataVersion":3465}