{"stats":{"minecraft:killed_by":{"jujutsucraft:cursed_spirit_grade_214":1},"minecraft:mined":{"minecraft:tuff":205,"minecraft:acacia_leaves":2,"minecraft:deepslate_diamond_ore":6,"minecraft:crafting_table":4,"minecraft:granite":79,"minecraft:budding_amethyst":6,"minecraft:acacia_log":25,"minecraft:grass_block":13,"minecraft:calcite":75,"minecraft:copper_ore":20,"minecraft:cobblestone":5,"minecraft:deepslate_gold_ore":19,"minecraft:diorite":22,"minecraft:wall_torch":2,"minecraft:amethyst_block":49,"minecraft:furnace":8,"minecraft:iron_ore":17,"minecraft:andesite":117,"minecraft:deepslate_lapis_ore":9,"minecraft:grass":15,"minecraft:coal_ore":50,"evilcraft:blood_stain":1,"minecraft:small_amethyst_bud":1,"minecraft:gravel":1,"minecraft:dirt":30,"minecraft:smooth_basalt":25,"minecraft:stone":704,"minecraft:deepslate":2169},"minecraft:custom":{"minecraft:interact_with_furnace":11,"minecraft:mob_kills":2,"minecraft:interact_with_crafting_table":17,"minecraft:damage_dealt_resisted":3,"minecraft:leave_game":1,"minecraft:time_since_death":35554,"minecraft:time_since_rest":33871,"minecraft:sprint_one_cm":131306,"minecraft:damage_taken":720,"minecraft:walk_one_cm":126144,"minecraft:drop":62,"minecraft:damage_dealt":224,"minecraft:fly_one_cm":165489,"minecraft:crouch_one_cm":1342,"minecraft:play_time":57846,"minecraft:deaths":1,"minecraft:sneak_time":449,"minecraft:jump":759,"minecraft:total_world_time":57846,"minecraft:fall_one_cm":13954},"minecraft:crafted":{"minecraft:crafting_table":8,"minecraft:wooden_pickaxe":1,"minecraft:furnace":8,"minecraft:stone_axe":1,"minecraft:air":0,"minecraft:iron_chestplate":1,"minecraft:stick":48,"minecraft:iron_ingot":13,"minecraft:iron_pickaxe":1,"minecraft:stone_pickaxe":2,"minecraft:acacia_planks":100,"minecraft:torch":64,"onlyhammersandexcavators:stone_hammer":5},"minecraft:dropped":{"minecraft:wheat_seeds":4,"minecraft:cobbled_deepslate":478,"minecraft:crafting_table":3,"minecraft:dripstone_block":4,"minecraft:tuff":108,"aoa3:raw_charger_shank":2,"jujutsucraft:cursed_technique_changer":1,"minecraft:cobblestone":561,"minecraft:granite":73,"jujutsucraft:uniform_normal_chestplate":1,"minecraft:stick":3,"minecraft:dirt":18,"ars_nouveau:worn_notebook":1,"minecraft:andesite":64,"minecraft:acacia_sapling":2,"theoneprobe:probenote":1,"minecraft:stone_pickaxe":2,"minecraft:wooden_pickaxe":1,"minecraft:acacia_planks":20,"minecraft:smooth_basalt":10},"minecraft:used":{"minecraft:stone_pickaxe":52,"minecraft:wooden_pickaxe":24,"jujutsucraft:uniform_normal_boots":1,"minecraft:iron_chestplate":1,"minecraft:torch":26,"minecraft:dirt":14,"minecraft:crafting_table":10,"minecraft:acacia_sapling":1,"jujutsucraft:uniform_normal_chestplate":1,"minecraft:iron_pickaxe":31,"onlyhammersandexcavators:stone_hammer":3898,"minecraft:stone_axe":25,"minecraft:cobblestone":21,"jujutsucraft:uniform_normal_leggings":1,"minecraft:furnace":8,"minecraft:cobbled_deepslate":7},"minecraft:picked_up":{"minecraft:crafting_table":5,"minecraft:feather":5,"aoa3:copper_coin":4,"minecraft:andesite":64,"realmrpg_creep:creeping_sprout":3,"jujutsucraft:cursed_technique_changer":1,"minecraft:tuff":100,"minecraft:amethyst_block":53,"minecraft:lapis_lazuli":60,"minecraft:dirt":32,"minecraft:raw_copper":72,"minecraft:wheat_seeds":4,"minecraft:cobbled_deepslate":514,"minecraft:raw_gold":25,"theoneprobe:probenote":1,"minecraft:stone_pickaxe":1,"aoa3:raw_charger_shank":4,"aoa3:sharp_claw":2,"minecraft:calcite":64,"minecraft:acacia_sapling":4,"minecraft:furnace":8,"hexerei:animal_fat":1,"opf:opf":1,"minecraft:raw_iron":16,"minecraft:smooth_basalt":21,"minecraft:torch":2,"minecraft:acacia_log":25,"minecraft:dripstone_block":8,"jujutsucraft:uniform_normal_chestplate":1,"minecraft:diamond":8,"ars_nouveau:worn_notebook":1,"minecraft:granite":137,"onlyhammersandexcavators:stone_hammer":1,"minecraft:coal":44,"minecraft:cobblestone":640},"minecraft:killed":{"aoa3:charger":1,"minecraft:chicken":1},"minecraft:broken":{"onlyhammersandexcavators:stone_hammer":6}},"DataVersion":3465}