{"stats":{"minecraft:killed":{"realmrpg_creep:creepling":1,"aoa3:charger":1,"minecraft:sheep":3,"minecraft:chicken":1},"minecraft:crafted":{"minecraft:crafting_table":8,"minecraft:wooden_pickaxe":1,"minecraft:furnace":8,"minecraft:stone_axe":1,"minecraft:air":0,"minecraft:iron_chestplate":1,"minecraft:stick":48,"minecraft:iron_ingot":13,"minecraft:iron_pickaxe":1,"minecraft:stone_pickaxe":2,"minecraft:white_bed":1,"minecraft:acacia_planks":100,"minecraft:torch":64,"onlyhammersandexcavators:stone_hammer":5},"minecraft:killed_by":{"jujutsucraft:cursed_spirit_grade_214":1},"minecraft:custom":{"minecraft:interact_with_furnace":11,"minecraft:mob_kills":6,"minecraft:interact_with_crafting_table":18,"minecraft:damage_dealt_resisted":3,"minecraft:leave_game":3,"minecraft:time_since_death":53730,"minecraft:sleep_in_bed":1,"minecraft:climb_one_cm":8,"minecraft:waystone_activated":1,"minecraft:time_since_rest":4568,"minecraft:sprint_one_cm":223469,"minecraft:damage_taken":1076,"minecraft:walk_one_cm":180542,"minecraft:drop":74,"minecraft:damage_dealt":614,"minecraft:swim_one_cm":3785,"minecraft:fly_one_cm":300635,"minecraft:open_chest":1,"minecraft:crouch_one_cm":3270,"minecraft:play_time":76022,"minecraft:deaths":1,"minecraft:sneak_time":893,"minecraft:walk_under_water_one_cm":2402,"minecraft:jump":1440,"minecraft:walk_on_water_one_cm":5481,"minecraft:total_world_time":76022,"minecraft:fall_one_cm":35130},"minecraft:broken":{"onlyhammersandexcavators:stone_hammer":6},"minecraft:used":{"minecraft:stone_pickaxe":52,"minecraft:wooden_pickaxe":24,"jujutsucraft:uniform_normal_boots":1,"minecraft:iron_chestplate":1,"minecraft:torch":30,"minecraft:dirt":14,"minecraft:crafting_table":11,"opf:opf":3,"minecraft:white_bed":1,"minecraft:acacia_sapling":1,"jujutsucraft:uniform_normal_chestplate":1,"minecraft:iron_pickaxe":37,"onlyhammersandexcavators:stone_hammer":3898,"minecraft:smooth_basalt":5,"minecraft:stone_axe":43,"minecraft:cobblestone":58,"jujutsucraft:uniform_normal_leggings":1,"minecraft:furnace":8,"minecraft:cobbled_deepslate":119},"minecraft:picked_up":{"minecraft:crafting_table":6,"minecraft:feather":5,"aoa3:copper_coin":7,"minecraft:andesite":64,"realmrpg_creep:creeping_sprout":3,"jujutsucraft:cursed_technique_changer":1,"minecraft:tuff":100,"minecraft:oak_log":2,"minecraft:amethyst_block":53,"minecraft:lapis_lazuli":60,"minecraft:dirt":36,"botania:black_mystical_flower":1,"minecraft:raw_copper":72,"minecraft:wheat_seeds":4,"mysticalagriculture:inferium_essence":1,"minecraft:cobbled_deepslate":545,"minecraft:raw_gold":25,"minecraft:stone_pickaxe":1,"aoa3:raw_charger_shank":4,"theoneprobe:probenote":1,"aoa3:sharp_claw":2,"minecraft:calcite":64,"minecraft:acacia_sapling":4,"minecraft:furnace":8,"hexerei:animal_fat":1,"opf:opf":4,"minecraft:raw_iron":16,"minecraft:smooth_basalt":21,"minecraft:torch":2,"minecraft:acacia_log":25,"minecraft:dripstone_block":8,"jujutsucraft:uniform_normal_chestplate":1,"minecraft:white_bed":1,"waystones:waystone":1,"minecraft:diamond":8,"minecraft:beetroot_seeds":1,"ars_nouveau:worn_notebook":1,"minecraft:granite":178,"onlyhammersandexcavators:stone_hammer":1,"minecraft:coal":71,"minecraft:white_wool":3,"minecraft:cobblestone":779},"minecraft:dropped":{"minecraft:wheat_seeds":4,"minecraft:cobbled_deepslate":525,"minecraft:crafting_table":3,"minecraft:tuff":108,"minecraft:dripstone_block":4,"aoa3:raw_charger_shank":2,"jujutsucraft:cursed_technique_changer":1,"minecraft:cobblestone":572,"minecraft:granite":178,"jujutsucraft:uniform_normal_chestplate":1,"minecraft:stick":3,"minecraft:dirt":22,"ars_nouveau:worn_notebook":1,"minecraft:beetroot_seeds":1,"minecraft:andesite":64,"minecraft:acacia_sapling":2,"theoneprobe:probenote":1,"minecraft:wooden_pickaxe":1,"minecraft:stone_pickaxe":2,"minecraft:acacia_planks":20,"minecraft:smooth_basalt":16},"minecraft:mined":{"minecraft:tuff":205,"minecraft:acacia_leaves":2,"minecraft:white_bed":1,"minecraft:deepslate_diamond_ore":6,"minecraft:crafting_table":5,"minecraft:granite":79,"minecraft:budding_amethyst":6,"minecraft:acacia_log":25,"minecraft:grass_block":19,"minecraft:calcite":75,"minecraft:copper_ore":20,"minecraft:cobblestone":8,"minecraft:deepslate_gold_ore":19,"minecraft:diorite":22,"botania:black_mystical_flower":1,"minecraft:wall_torch":2,"minecraft:amethyst_block":49,"minecraft:tall_seagrass":2,"farmersdelight:wild_beetroots":1,"farmersdelight:sandy_shrub":1,"minecraft:furnace":8,"minecraft:iron_ore":17,"minecraft:cobbled_deepslate":2,"minecraft:birch_leaves":3,"minecraft:andesite":117,"minecraft:deepslate_lapis_ore":9,"minecraft:grass":20,"twilightforest:canopy_leaves":6,"minecraft:coal_ore":50,"evilcraft:blood_stain":1,"minecraft:small_amethyst_bud":1,"minecraft:gravel":1,"minecraft:dirt":32,"minecraft:smooth_basalt":25,"minecraft:stone":704,"twilightforest:canopy_log":2,"minecraft:oak_leaves":15,"minecraft:fern":1,"minecraft:deepslate":2169}},"DataVersion":3465}