{"stats":{"minecraft:mined":{"minecraft:tuff":1,"minecraft:deepslate_diamond_ore":5,"minecraft:crafting_table":6,"minecraft:acacia_log":23,"minecraft:grass_block":18,"minecraft:tall_grass":3,"minecraft:oak_planks":1,"minecraft:sugar_cane":1,"minecraft:furnace":6,"minecraft:coal_ore":2,"minecraft:grass":13,"minecraft:oak_log":9,"minecraft:deepslate_iron_ore":3,"minecraft:dirt":30,"aoa3:carved_rune_of_reality":1,"minecraft:stone":165,"minecraft:oak_leaves":3,"minecraft:deepslate":260},"minecraft:custom":{"minecraft:interact_with_furnace":33,"minecraft:mob_kills":37,"minecraft:interact_with_crafting_table":13,"minecraft:damage_dealt_resisted":0,"minecraft:leave_game":1,"minecraft:time_since_death":31954,"minecraft:time_since_rest":31954,"minecraft:sprint_one_cm":90100,"minecraft:damage_taken":449,"minecraft:walk_one_cm":66615,"tombstone:sneak_grave":3,"minecraft:drop":17,"minecraft:damage_dealt":3886,"minecraft:swim_one_cm":584,"minecraft:fly_one_cm":89958,"minecraft:open_chest":6,"minecraft:crouch_one_cm":37375,"minecraft:play_time":31954,"minecraft:sneak_time":8704,"minecraft:walk_under_water_one_cm":130,"minecraft:jump":527,"minecraft:walk_on_water_one_cm":343,"minecraft:total_world_time":31954,"minecraft:fall_one_cm":11129},"minecraft:crafted":{"butchercraft:cooked_lamb_scraps":5,"minecraft:oak_planks":36,"minecraft:stone_shovel":1,"minecraft:crafting_table":10,"minecraft:wooden_pickaxe":1,"minecraft:furnace":4,"minecraft:stone_axe":3,"minecraft:air":0,"aoa3:cooked_charger_shank":7,"butchercraft:cooked_beef_scraps":10,"expanded_combat:stone_great_hammer":1,"minecraft:stick":24,"minecraft:iron_pickaxe":1,"minecraft:iron_ingot":3,"minecraft:stone_pickaxe":1,"minecraft:wooden_axe":1,"minecraft:chest":1,"minecraft:acacia_planks":48,"minecraft:torch":4,"onlyhammersandexcavators:stone_hammer":1},"minecraft:dropped":{"hexerei:sage_seed":2,"minecraft:iron_nugget":1,"onlyhammersandexcavators:stone_hammer":1,"aoa3:copper_coin":1,"mysticalagriculture:inferium_essence":6,"minecraft:wooden_axe":1,"minecraft:brown_wool":1,"minecraft:oak_sapling":1,"expanded_combat:stone_great_hammer":1,"minecraft:amethyst_shard":2,"minecraft:wooden_pickaxe":1,"minecraft:black_wool":1},"minecraft:used":{"aoa3:cooked_charger_shank":7,"minecraft:stone_pickaxe":58,"minecraft:stone_shovel":44,"minecraft:oak_planks":1,"minecraft:chest":1,"minecraft:wooden_pickaxe":15,"butchercraft:cooked_beef_scraps":4,"aoa3:carved_rune_of_reality":2,"minecraft:torch":4,"minecraft:crafting_table":8,"minecraft:granite":4,"minecraft:wooden_axe":3,"butchercraft:cooked_lamb_scraps":5,"minecraft:iron_pickaxe":6,"onlyhammersandexcavators:stone_hammer":406,"butchercraft:lamb_scraps":2,"minecraft:stone_axe":95,"minecraft:light_gray_wool":1,"butchercraft:beef_scraps":3,"expanded_combat:stone_great_hammer":16,"minecraft:furnace":7,"minecraft:cobbled_deepslate":46},"minecraft:picked_up":{"minecraft:wooden_axe":2,"minecraft:crafting_table":5,"minecraft:feather":16,"aoa3:copper_coin":24,"aoa3:carved_rune_of_reality":2,"minecraft:brown_wool":1,"minecraft:wooden_pickaxe":2,"butchercraft:pork_scraps":21,"minecraft:tuff":1,"minecraft:oak_log":9,"minecraft:dirt":45,"minecraft:bone":7,"mysticalagriculture:inferium_essence":6,"minecraft:cobbled_deepslate":262,"aoa3:raw_charger_shank":7,"aoa3:sharp_claw":2,"minecraft:iron_nugget":1,"minecraft:light_gray_wool":1,"minecraft:sugar_cane":2,"minecraft:oak_planks":1,"minecraft:egg":2,"minecraft:furnace":6,"hexerei:animal_fat":7,"minecraft:stick":2,"minecraft:raw_iron":3,"minecraft:acacia_log":20,"minecraft:amethyst_shard":2,"butchercraft:leather_scrap":11,"hexerei:sage_seed":2,"butchercraft:chicken_scraps":2,"minecraft:diamond":5,"butchercraft:lamb_scraps":13,"minecraft:granite":23,"onlyhammersandexcavators:stone_hammer":1,"butchercraft:beef_scraps":13,"minecraft:oak_sapling":1,"minecraft:coal":2,"minecraft:black_wool":1,"minecraft:white_wool":5,"minecraft:cobblestone":167},"minecraft:broken":{"minecraft:stone_axe":1},"minecraft:killed":{"minecraft:pig":10,"aoa3:charger":7,"aoa3:void_walker":1,"minecraft:sheep":9,"minecraft:chicken":2,"minecraft:cow":8}},"DataVersion":3465}