{"stats":{"minecraft:mined":{"minecraft:crafting_table":3,"minecraft:acacia_log":23,"minecraft:grass_block":18,"minecraft:tall_grass":3,"minecraft:sugar_cane":1,"minecraft:furnace":1,"minecraft:grass":13,"minecraft:oak_log":9,"minecraft:dirt":30,"aoa3:carved_rune_of_reality":1,"minecraft:stone":45,"minecraft:oak_leaves":3},"minecraft:custom":{"minecraft:interact_with_furnace":7,"minecraft:mob_kills":36,"minecraft:interact_with_crafting_table":6,"minecraft:leave_game":1,"minecraft:time_since_death":19954,"minecraft:time_since_rest":19954,"minecraft:sprint_one_cm":53519,"minecraft:damage_taken":274,"minecraft:walk_one_cm":42861,"tombstone:sneak_grave":3,"minecraft:drop":15,"minecraft:damage_dealt":3587,"minecraft:swim_one_cm":584,"minecraft:fly_one_cm":73942,"minecraft:crouch_one_cm":20361,"minecraft:play_time":19954,"minecraft:sneak_time":4342,"minecraft:walk_under_water_one_cm":130,"minecraft:jump":351,"minecraft:walk_on_water_one_cm":343,"minecraft:total_world_time":19954,"minecraft:fall_one_cm":8894},"minecraft:crafted":{"butchercraft:cooked_lamb_scraps":5,"minecraft:oak_planks":16,"minecraft:stone_shovel":1,"minecraft:crafting_table":10,"minecraft:wooden_pickaxe":1,"minecraft:furnace":1,"minecraft:stone_axe":1,"minecraft:air":0,"butchercraft:cooked_beef_scraps":3,"expanded_combat:stone_great_hammer":1,"minecraft:stick":24,"minecraft:stone_pickaxe":1,"minecraft:wooden_axe":1,"minecraft:acacia_planks":48},"minecraft:dropped":{"hexerei:sage_seed":2,"minecraft:iron_nugget":1,"aoa3:copper_coin":1,"mysticalagriculture:inferium_essence":6,"minecraft:wooden_axe":1,"minecraft:brown_wool":1,"minecraft:oak_sapling":1,"expanded_combat:stone_great_hammer":1,"minecraft:wooden_pickaxe":1,"minecraft:black_wool":1},"minecraft:used":{"minecraft:stone_pickaxe":32,"minecraft:stone_shovel":44,"minecraft:wooden_pickaxe":15,"butchercraft:cooked_beef_scraps":3,"aoa3:carved_rune_of_reality":2,"minecraft:crafting_table":6,"minecraft:wooden_axe":3,"butchercraft:cooked_lamb_scraps":5,"minecraft:stone_axe":86,"minecraft:light_gray_wool":1,"butchercraft:beef_scraps":3,"expanded_combat:stone_great_hammer":16,"minecraft:furnace":1},"minecraft:picked_up":{"minecraft:wooden_axe":1,"minecraft:crafting_table":2,"minecraft:feather":16,"aoa3:copper_coin":16,"aoa3:carved_rune_of_reality":2,"minecraft:brown_wool":1,"minecraft:wooden_pickaxe":1,"butchercraft:pork_scraps":21,"minecraft:oak_log":9,"minecraft:dirt":45,"minecraft:bone":7,"mysticalagriculture:inferium_essence":6,"minecraft:cobbled_deepslate":2,"aoa3:raw_charger_shank":7,"aoa3:sharp_claw":2,"minecraft:iron_nugget":1,"minecraft:light_gray_wool":1,"minecraft:sugar_cane":2,"minecraft:egg":2,"minecraft:furnace":1,"hexerei:animal_fat":7,"minecraft:stick":2,"minecraft:acacia_log":20,"butchercraft:leather_scrap":11,"hexerei:sage_seed":2,"butchercraft:chicken_scraps":2,"butchercraft:lamb_scraps":13,"onlyhammersandexcavators:stone_hammer":1,"butchercraft:beef_scraps":13,"minecraft:oak_sapling":1,"minecraft:black_wool":1,"minecraft:white_wool":5,"minecraft:cobblestone":45},"minecraft:broken":{"minecraft:stone_axe":1},"minecraft:killed":{"minecraft:pig":10,"aoa3:charger":7,"minecraft:sheep":9,"minecraft:chicken":2,"minecraft:cow":8}},"DataVersion":3465}