{"stats":{"minecraft:mined":{"minecraft:deepslate_redstone_ore":23,"minecraft:tuff":6,"minecraft:deepslate_diamond_ore":11,"minecraft:crafting_table":7,"minecraft:acacia_log":23,"minecraft:grass_block":18,"minecraft:tall_grass":3,"minecraft:oak_planks":1,"minecraft:sugar_cane":1,"minecraft:furnace":7,"minecraft:coal_ore":2,"minecraft:grass":13,"minecraft:oak_log":9,"minecraft:deepslate_iron_ore":5,"minecraft:dirt":30,"aoa3:carved_rune_of_reality":1,"minecraft:stone":165,"minecraft:oak_leaves":3,"minecraft:deepslate":481},"minecraft:custom":{"minecraft:interact_with_furnace":34,"minecraft:mob_kills":37,"minecraft:interact_with_crafting_table":15,"minecraft:damage_dealt_resisted":0,"minecraft:leave_game":1,"minecraft:time_since_death":37954,"minecraft:time_since_rest":37954,"minecraft:sprint_one_cm":109183,"minecraft:damage_taken":449,"minecraft:walk_one_cm":77348,"tombstone:sneak_grave":3,"minecraft:drop":20,"minecraft:damage_dealt":3886,"minecraft:swim_one_cm":584,"minecraft:fly_one_cm":94406,"minecraft:open_chest":6,"minecraft:crouch_one_cm":47842,"minecraft:play_time":37954,"minecraft:sneak_time":11450,"minecraft:walk_under_water_one_cm":130,"minecraft:jump":607,"minecraft:walk_on_water_one_cm":343,"minecraft:total_world_time":37954,"minecraft:fall_one_cm":11607},"minecraft:crafted":{"butchercraft:cooked_lamb_scraps":5,"minecraft:oak_planks":36,"minecraft:stone_shovel":1,"minecraft:crafting_table":10,"minecraft:wooden_pickaxe":1,"minecraft:furnace":4,"minecraft:stone_axe":3,"minecraft:air":0,"aoa3:cooked_charger_shank":7,"butchercraft:cooked_beef_scraps":10,"expanded_combat:stone_great_hammer":1,"minecraft:stick":60,"minecraft:iron_pickaxe":1,"minecraft:iron_ingot":3,"minecraft:stone_pickaxe":1,"minecraft:wooden_axe":1,"minecraft:chest":1,"minecraft:redstone_torch":36,"minecraft:acacia_planks":64,"minecraft:torch":4,"onlyhammersandexcavators:stone_hammer":1},"minecraft:dropped":{"hexerei:sage_seed":2,"minecraft:iron_nugget":1,"minecraft:cobbled_deepslate":75,"onlyhammersandexcavators:stone_hammer":1,"aoa3:copper_coin":1,"aoa3:sharp_claw":2,"mysticalagriculture:inferium_essence":6,"minecraft:wooden_axe":1,"minecraft:brown_wool":1,"minecraft:oak_sapling":1,"expanded_combat:stone_great_hammer":1,"minecraft:amethyst_shard":2,"minecraft:wooden_pickaxe":1,"minecraft:black_wool":1},"minecraft:used":{"aoa3:cooked_charger_shank":7,"minecraft:stone_pickaxe":58,"minecraft:stone_shovel":44,"minecraft:oak_planks":1,"minecraft:chest":1,"minecraft:wooden_pickaxe":15,"butchercraft:cooked_beef_scraps":7,"aoa3:carved_rune_of_reality":2,"minecraft:torch":4,"minecraft:crafting_table":9,"minecraft:tuff":4,"minecraft:granite":4,"minecraft:redstone_torch":21,"minecraft:wooden_axe":3,"butchercraft:cooked_lamb_scraps":5,"minecraft:iron_pickaxe":46,"onlyhammersandexcavators:stone_hammer":650,"butchercraft:lamb_scraps":2,"minecraft:stone_axe":96,"minecraft:light_gray_wool":1,"butchercraft:beef_scraps":3,"expanded_combat:stone_great_hammer":16,"minecraft:furnace":7,"minecraft:cobbled_deepslate":57},"minecraft:picked_up":{"minecraft:wooden_axe":2,"minecraft:crafting_table":6,"minecraft:feather":16,"aoa3:copper_coin":24,"aoa3:carved_rune_of_reality":2,"minecraft:brown_wool":1,"minecraft:wooden_pickaxe":2,"butchercraft:pork_scraps":21,"minecraft:tuff":4,"minecraft:oak_log":9,"minecraft:dirt":45,"minecraft:bone":7,"mysticalagriculture:inferium_essence":6,"minecraft:cobbled_deepslate":324,"aoa3:raw_charger_shank":7,"aoa3:sharp_claw":2,"minecraft:iron_nugget":1,"minecraft:light_gray_wool":1,"minecraft:sugar_cane":2,"minecraft:oak_planks":1,"minecraft:egg":2,"minecraft:furnace":7,"hexerei:animal_fat":7,"minecraft:stick":2,"minecraft:raw_iron":5,"minecraft:acacia_log":20,"minecraft:amethyst_shard":4,"minecraft:redstone":98,"butchercraft:leather_scrap":11,"hexerei:sage_seed":2,"butchercraft:chicken_scraps":2,"minecraft:diamond":11,"butchercraft:lamb_scraps":13,"minecraft:granite":23,"onlyhammersandexcavators:stone_hammer":1,"butchercraft:beef_scraps":13,"minecraft:oak_sapling":1,"minecraft:coal":2,"minecraft:black_wool":1,"minecraft:white_wool":5,"minecraft:cobblestone":167},"minecraft:broken":{"onlyhammersandexcavators:stone_hammer":1,"minecraft:stone_axe":1},"minecraft:killed":{"minecraft:pig":10,"aoa3:charger":7,"aoa3:void_walker":1,"minecraft:sheep":9,"minecraft:chicken":2,"minecraft:cow":8}},"DataVersion":3465}