{"stats":{"minecraft:killed_by":{"jujutsucraft:entity_water":1},"minecraft:mined":{"minecraft:deepslate_redstone_ore":23,"minecraft:tuff":21,"minecraft:deepslate_diamond_ore":11,"minecraft:crafting_table":8,"minecraft:granite":4,"minecraft:acacia_log":23,"minecraft:grass_block":19,"minecraft:jungle_log":96,"minecraft:tall_grass":3,"minecraft:oak_planks":1,"minecraft:sugar_cane":1,"minecraft:furnace":8,"minecraft:birch_log":12,"minecraft:redstone_torch":1,"minecraft:cobbled_deepslate":4,"minecraft:andesite":13,"minecraft:coal_ore":2,"minecraft:grass":13,"minecraft:oak_log":75,"minecraft:deepslate_iron_ore":5,"minecraft:gravel":1,"minecraft:dirt":36,"aoa3:carved_rune_of_reality":1,"minecraft:stone":205,"minecraft:redstone_wall_torch":1,"minecraft:oak_leaves":6,"minecraft:deepslate":631},"minecraft:custom":{"minecraft:interact_with_furnace":47,"minecraft:mob_kills":37,"minecraft:interact_with_crafting_table":16,"minecraft:damage_dealt_resisted":53,"minecraft:leave_game":1,"minecraft:time_since_death":8165,"minecraft:climb_one_cm":1285,"minecraft:time_since_rest":7514,"minecraft:sprint_one_cm":152200,"minecraft:damage_taken":997,"minecraft:walk_one_cm":107138,"tombstone:sneak_grave":3,"minecraft:drop":27,"minecraft:damage_dealt":3973,"minecraft:swim_one_cm":5583,"minecraft:fly_one_cm":153114,"minecraft:open_chest":6,"minecraft:crouch_one_cm":69874,"minecraft:play_time":50046,"minecraft:deaths":1,"minecraft:sneak_time":15496,"minecraft:walk_under_water_one_cm":1798,"minecraft:jump":1021,"minecraft:walk_on_water_one_cm":3586,"minecraft:total_world_time":50046,"minecraft:fall_one_cm":14056},"minecraft:crafted":{"butchercraft:cooked_lamb_scraps":5,"minecraft:oak_planks":36,"minecraft:stone_shovel":1,"minecraft:crafting_table":10,"minecraft:wooden_pickaxe":1,"minecraft:furnace":4,"minecraft:stone_axe":3,"minecraft:air":0,"aoa3:cooked_charger_shank":7,"butchercraft:cooked_beef_scraps":10,"minecraft:charcoal":8,"expanded_combat:stone_great_hammer":1,"minecraft:stick":60,"minecraft:iron_pickaxe":1,"minecraft:iron_ingot":3,"minecraft:stone_pickaxe":1,"minecraft:wooden_axe":1,"minecraft:chest":1,"minecraft:redstone_torch":36,"minecraft:acacia_planks":64,"minecraft:torch":4,"onlyhammersandexcavators:stone_hammer":2},"minecraft:dropped":{"minecraft:sugar_cane":2,"hexerei:sage_seed":2,"minecraft:iron_nugget":1,"minecraft:cobbled_deepslate":75,"onlyhammersandexcavators:stone_hammer":1,"minecraft:diamond":11,"aoa3:copper_coin":1,"aoa3:sharp_claw":4,"minecraft:jungle_sapling":1,"mysticalagriculture:inferium_essence":6,"minecraft:wooden_axe":1,"tombstone:grave_dust":1,"minecraft:brown_wool":1,"minecraft:oak_sapling":1,"expanded_combat:stone_great_hammer":1,"minecraft:amethyst_shard":6,"minecraft:wooden_pickaxe":1,"minecraft:black_wool":1},"minecraft:used":{"aoa3:cooked_charger_shank":7,"minecraft:stone_pickaxe":58,"minecraft:stone_shovel":46,"minecraft:oak_planks":1,"minecraft:chest":1,"minecraft:wooden_pickaxe":15,"butchercraft:cooked_beef_scraps":10,"aoa3:carved_rune_of_reality":2,"minecraft:torch":4,"minecraft:crafting_table":10,"minecraft:tuff":18,"minecraft:granite":4,"minecraft:redstone_torch":27,"minecraft:jungle_sapling":1,"minecraft:wooden_axe":3,"butchercraft:cooked_lamb_scraps":5,"minecraft:iron_pickaxe":152,"minecraft:gravel":1,"onlyhammersandexcavators:stone_hammer":790,"butchercraft:lamb_scraps":3,"minecraft:stone_axe":277,"minecraft:light_gray_wool":1,"butchercraft:beef_scraps":7,"expanded_combat:stone_great_hammer":16,"minecraft:furnace":12,"minecraft:andesite":1,"tombstone:gift":2,"minecraft:egg":2,"minecraft:cobbled_deepslate":254},"minecraft:picked_up":{"minecraft:wooden_axe":2,"minecraft:birch_log":11,"minecraft:crafting_table":7,"minecraft:feather":16,"aoa3:copper_coin":24,"aoa3:carved_rune_of_reality":2,"minecraft:jungle_log":96,"minecraft:andesite":1,"minecraft:brown_wool":1,"minecraft:wooden_pickaxe":2,"butchercraft:pork_scraps":21,"minecraft:tuff":18,"minecraft:oak_log":69,"minecraft:dirt":52,"minecraft:bone":7,"mysticalagriculture:inferium_essence":6,"minecraft:cobbled_deepslate":413,"aoa3:raw_charger_shank":7,"minecraft:jungle_sapling":2,"aoa3:sharp_claw":4,"minecraft:redstone_torch":2,"minecraft:iron_nugget":1,"minecraft:light_gray_wool":1,"minecraft:sugar_cane":2,"minecraft:oak_planks":1,"minecraft:egg":2,"minecraft:furnace":8,"hexerei:animal_fat":7,"minecraft:stick":2,"minecraft:raw_iron":5,"minecraft:acacia_log":20,"minecraft:gravel":1,"minecraft:amethyst_shard":6,"tombstone:grave_dust":1,"minecraft:redstone":98,"butchercraft:leather_scrap":15,"hexerei:sage_seed":2,"butchercraft:chicken_scraps":2,"minecraft:diamond":22,"butchercraft:rabbit_scraps":2,"butchercraft:lamb_scraps":17,"minecraft:granite":27,"onlyhammersandexcavators:stone_hammer":1,"butchercraft:beef_scraps":17,"minecraft:oak_sapling":1,"minecraft:coal":2,"minecraft:black_wool":1,"minecraft:white_wool":7,"minecraft:cobblestone":207},"minecraft:broken":{"onlyhammersandexcavators:stone_hammer":1,"minecraft:stone_axe":2},"minecraft:killed":{"minecraft:pig":10,"aoa3:charger":7,"aoa3:void_walker":1,"minecraft:sheep":9,"minecraft:chicken":2,"minecraft:cow":8}},"DataVersion":3465}