{
  "frosted_friends:frosted_friends": {
    "criteria": {
      "frosted_friends": "2024-07-03 04:34:08 +0000"
    },
    "done": true
  },
  "stellarity:cursed_tome/spellbooks/updraft": {
    "criteria": {
      "requirement": "2024-07-03 04:34:09 +0000"
    },
    "done": true
  },
  "stellarity:cursed_tome/spellbooks/light": {
    "criteria": {
      "requirement": "2024-07-03 04:34:09 +0000"
    },
    "done": true
  },
  "idas:idas_root": {
    "criteria": {
      "always": "2024-07-03 04:34:09 +0000"
    },
    "done": true
  },
  "stellarity:dragons_den/cursed_tome/root": {
    "criteria": {
      "requirement": "2024-07-03 04:34:09 +0000"
    },
    "done": true
  },
  "cold_sweat:recipes/thermolith": {
    "criteria": {
      "has_recipe": "2024-07-03 04:34:09 +0000"
    },
    "done": true
  },
  "stellarity:dragons_den/cursed_tome/items/spellbooks/unlock_conveyance": {
    "criteria": {
      "requirement": "2024-07-03 04:34:09 +0000"
    },
    "done": true
  },
  "mowziesmobs:root": {
    "criteria": {
      "custom_test_name": "2024-07-03 04:34:09 +0000"
    },
    "done": true
  },
  "cold_sweat:recipes/hoglin_armor": {
    "criteria": {
      "has_boots_recipe": "2024-07-03 04:34:09 +0000"
    },
    "done": true
  },
  "stellarity:cursed_tome/spellbooks/natures_wrath": {
    "criteria": {
      "requirement": "2024-07-03 04:34:09 +0000"
    },
    "done": true
  },
  "stellarity:dragons_den/cursed_tome/items/spellbooks/unlock_updraft": {
    "criteria": {
      "requirement": "2024-07-03 04:34:09 +0000"
    },
    "done": true
  },
  "cold_sweat:recipes/soulspring_lamp": {
    "criteria": {
      "has_recipe": "2024-07-03 04:34:09 +0000"
    },
    "done": true
  },
  "cold_sweat:recipes/waterskin": {
    "criteria": {
      "has_recipe": "2024-07-03 04:34:09 +0000"
    },
    "done": true
  },
  "stellarity:story/drop_rare_illager_loot": {
    "criteria": {
      "drop5": "2024-07-03 04:34:09 +0000"
    },
    "done": true
  },
  "farmersdelight:main/root": {
    "criteria": {
      "seeds": "2024-07-03 04:34:09 +0000"
    },
    "done": true
  },
  "stellarity:cursed_tome/spellbooks/conveyance": {
    "criteria": {
      "requirement": "2024-07-03 04:34:09 +0000"
    },
    "done": true
  },
  "create:root": {
    "criteria": {
      "0": "2024-07-03 04:34:09 +0000"
    },
    "done": true
  },
  "cold_sweat:root": {
    "criteria": {
      "requirement": "2024-07-03 04:34:09 +0000"
    },
    "done": true
  },
  "cataclysm:root": {
    "criteria": {
      "custom_test_name": "2024-07-03 04:34:09 +0000"
    },
    "done": true
  },
  "stellarity:dragons_den/cursed_tome/items/spellbooks/unlock_light": {
    "criteria": {
      "requirement": "2024-07-03 04:34:09 +0000"
    },
    "done": true
  },
  "stellarity:cursed_tome/root": {
    "criteria": {
      "requirement": "2024-07-03 04:34:09 +0000"
    },
    "done": true
  },
  "cold_sweat:recipes/thermometer": {
    "criteria": {
      "has_recipe": "2024-07-03 04:34:09 +0000"
    },
    "done": true
  },
  "cold_sweat:extreme_temps": {
    "criteria": {
      "requirement": "2024-07-03 04:34:09 +0000"
    },
    "done": true
  },
  "minecraft:adventure/adventuring_time": {
    "criteria": {
      "minecraft:taiga": "2024-07-03 04:34:12 +0000",
      "minecraft:old_growth_birch_forest": "2024-07-03 04:34:23 +0000"
    },
    "done": false
  },
  "man:feelingwatched": {
    "criteria": {
      "feelingwatched": "2024-07-03 04:38:46 +0000"
    },
    "done": true
  },
  "tombstone:adventure/root": {
    "criteria": {
      "auto": "2024-07-03 04:59:03 +0000"
    },
    "done": true
  },
  "cherry_wood_tools:cherry_armor_adv": {
    "criteria": {
      "cherry_armor_adv": "2024-07-03 05:03:28 +0000"
    },
    "done": true
  },
  "cold_sweat:insulate_armor": {
    "criteria": {
      "requirement": "2024-07-03 05:04:04 +0000"
    },
    "done": true
  },
  "snowmancy:snowman_companion": {
    "criteria": {
      "frozen_snowman": "2024-07-03 05:05:19 +0000"
    },
    "done": true
  },
  "minecraft:story/iron_tools": {
    "criteria": {
      "iron_pickaxe": "2024-07-04 03:56:01 +0000"
    },
    "done": true
  },
  "cavernous:root": {
    "criteria": {
      "makepickaxe": "2024-07-04 03:56:01 +0000"
    },
    "done": true
  },
  "minecraft:story/root": {
    "criteria": {
      "crafting_table": "2024-07-04 04:08:50 +0000"
    },
    "done": true
  },
  "dungeonnowloading:story/root": {
    "criteria": {
      "obtain_crafting_table": "2024-07-04 04:08:50 +0000"
    },
    "done": true
  },
  "farmersdelight:main/craft_knife": {
    "criteria": {
      "flint_knife": "2024-07-04 04:11:42 +0000"
    },
    "done": true
  },
  "minecraft:story/upgrade_tools": {
    "criteria": {
      "stone_pickaxe": "2024-07-04 04:13:16 +0000"
    },
    "done": true
  },
  "minecraft:story/mine_stone": {
    "criteria": {
      "get_stone": "2024-07-04 04:13:41 +0000"
    },
    "done": true
  },
  "cavernous:geology_rocks": {
    "criteria": {
      "cobblestone": "2024-07-04 04:13:41 +0000"
    },
    "done": false
  },
  "minecraft:story/smelt_iron": {
    "criteria": {
      "iron": "2024-07-04 04:15:32 +0000"
    },
    "done": true
  },
  "minecraft:story/obtain_armor": {
    "criteria": {
      "iron_chestplate": "2024-07-04 04:18:53 +0000"
    },
    "done": true
  },
  "minecraft:story/shiny_gear": {
    "criteria": {
      "diamond_chestplate": "2024-07-05 08:08:06 +0000"
    },
    "done": true
  },
  "cavernous:spelunkage": {
    "criteria": {
      "cobbled_deepslate": "2024-07-05 08:08:36 +0000"
    },
    "done": false
  },
  "DataVersion": 3465
}